date,temperature_2m,relative_humidity_2m,dew_point_2m,apparent_temperature,pressure_msl,surface_pressure,cloud_cover,cloud_cover_low,cloud_cover_mid,cloud_cover_high,wind_speed_10m,wind_direction_10m,wind_gusts_10m,precipitation,snowfall,precipitation_probability,weather_code,wind_speed_80m,wind_speed_120m,wind_speed_180m,wind_direction_80m,wind_direction_120m,wind_direction_180m,rain,showers,date_only,hour,minute,second,day_of_week,month,year,is_weekend
2025-07-18 18:30:00+00:00,30.224,87.0,27.817701,38.659336,1000.3,994.5747,51.0,45.0,0.0,18.0,1.9386592,248.19853,3.96,0.0,0.0,15.0,2.0,5.4477882,7.208994,7.92,262.40546,267.13766,270.0,0.0,0.0,2025-07-18,18,30,0,4,7,2025,0
2025-07-18 19:30:00+00:00,29.874,89.0,27.862663,38.15737,999.9,994.1705,96.0,55.0,67.0,66.0,3.219938,206.56499,6.4799995,0.1,0.0,23.0,3.0,8.287822,9.1641035,8.891343,214.3804,224.9999,238.24055,0.0,0.1,2025-07-18,19,30,0,4,7,2025,0
2025-07-18 20:30:00+00:00,29.224,93.0,27.97392,37.31141,999.4,993.6612,100.0,50.0,0.0,100.0,5.1544156,192.09474,12.24,0.1,0.0,30.0,3.0,12.413476,14.658676,12.599998,196.85847,204.67685,216.86998,0.0,0.1,2025-07-18,20,30,0,4,7,2025,0
2025-07-18 21:30:00+00:00,28.724,93.0,27.4785,36.576214,999.1,993.3532,100.0,56.0,0.0,100.0,4.2136917,199.9832,12.599999,0.0,0.0,33.0,3.0,10.30883,13.979872,12.768586,204.77512,214.50858,229.574,0.0,0.0,2025-07-18,21,30,0,4,7,2025,0
2025-07-18 22:30:00+00:00,28.474,94.0,27.41329,36.251934,998.6,992.8514,100.0,51.0,0.0,100.0,4.39436,214.9921,10.08,0.0,0.0,33.0,3.0,11.480557,15.349684,14.973577,221.18582,230.7106,242.81897,0.0,0.0,2025-07-18,22,30,0,4,7,2025,0
2025-07-18 23:30:00+00:00,28.874,94.0,27.81017,36.974876,999.0,993.25684,100.0,63.0,16.0,100.0,4.2136917,250.0168,10.799999,0.0,0.0,30.0,3.0,11.384199,15.463244,18.733839,251.56496,257.90524,267.79745,0.0,0.0,2025-07-18,23,30,0,4,7,2025,0
2025-07-19 00:30:00+00:00,28.974,93.0,27.726213,37.038765,999.9,994.1536,88.0,75.0,31.0,28.0,4.0249224,280.30478,10.440001,1.4,0.0,35.0,95.0,7.5942073,10.495713,14.618837,275.44025,275.90604,279.92618,0.0,1.4,2025-07-19,0,30,0,5,7,2025,1
2025-07-19 01:30:00+00:00,29.074001,90.0,27.264849,36.709476,1000.1,994.3543,85.0,73.0,47.0,0.0,4.6102495,321.34018,12.24,0.6,0.0,50.0,80.0,6.638072,7.42159,9.178235,319.39877,320.90613,318.1799,0.0,0.6,2025-07-19,1,30,0,5,7,2025,1
2025-07-19 02:30:00+00:00,29.374,84.0,26.386599,36.22889,1000.3,994.5588,84.0,75.0,40.0,0.0,5.6233797,320.1945,16.199999,0.2,0.0,55.0,3.0,7.928177,8.435069,8.435069,320.52756,320.1945,320.1945,0.0,0.2,2025-07-19,2,30,0,5,7,2025,1
2025-07-19 03:30:00+00:00,30.724,79.0,26.660948,37.735878,1000.0,994.28577,72.0,67.0,7.0,0.0,5.8603754,280.6196,16.199999,0.1,0.0,58.0,2.0,7.69592,7.69592,7.771331,280.78424,280.78424,283.39252,0.0,0.1,2025-07-19,3,30,0,5,7,2025,1
2025-07-19 04:30:00+00:00,32.174,72.0,26.485416,39.534203,1000.0,994.31287,67.0,32.0,48.0,13.0,6.28713,256.75946,18.72,0.0,0.0,63.0,2.0,8.049845,8.049845,8.4042845,259.69522,259.69522,260.13425,0.0,0.0,2025-07-19,4,30,0,5,7,2025,1
2025-07-19 05:30:00+00:00,34.424,67.0,27.408438,43.12326,999.5,993.8572,98.0,56.0,23.0,94.0,6.5693827,260.53775,20.519999,0.0,0.0,55.0,2.0,8.4042845,8.759178,8.759178,260.13425,260.53775,260.53775,0.0,0.0,2025-07-19,5,30,0,5,7,2025,1
2025-07-19 06:30:00+00:00,34.323997,67.0,27.313429,41.90695,998.8,993.15924,100.0,66.0,21.0,100.0,7.69592,259.21576,20.880001,0.1,0.0,40.0,3.0,10.594036,10.948973,11.304229,260.21765,260.53775,260.83774,0.0,0.1,2025-07-19,6,30,0,5,7,2025,1
2025-07-19 07:30:00+00:00,34.073997,70.0,27.824062,41.602913,998.4,992.7572,100.0,79.0,24.0,100.0,8.12197,257.19574,21.96,0.2,0.0,50.0,80.0,11.874544,12.57426,13.276144,255.96373,256.75946,257.4712,0.0,0.2,2025-07-19,7,30,0,5,7,2025,1
2025-07-19 08:30:00+00:00,34.474,67.0,27.455944,41.702816,997.3,991.67053,100.0,69.0,42.0,100.0,8.28,270.0,22.68,0.2,0.0,53.0,3.0,12.24,12.599999,13.32,270.0,270.0,270.0,0.0,0.2,2025-07-19,8,30,0,5,7,2025,1
2025-07-19 09:30:00+00:00,34.374,66.0,27.104494,41.344383,996.1,990.4754,100.0,63.0,33.0,100.0,8.28,270.0,21.96,0.1,0.0,70.0,3.0,11.885453,12.599999,12.959999,268.26434,270.0,270.0,0.0,0.1,2025-07-19,9,30,0,5,7,2025,1
2025-07-19 10:30:00+00:00,33.974,66.0,26.725172,40.71315,995.8,990.17,100.0,72.0,14.0,100.0,7.9932976,262.23492,20.880001,0.2,0.0,50.0,3.0,12.015589,12.371645,13.084402,261.38443,261.6342,262.09293,0.0,0.2,2025-07-19,10,30,0,5,7,2025,1
2025-07-19 11:30:00+00:00,32.924,73.0,27.440067,40.505936,995.8,990.1507,100.0,63.0,17.0,100.0,5.8048253,262.8751,19.8,0.2,0.0,58.0,3.0,9.422101,10.495713,11.252519,263.41815,264.09396,262.6477,0.0,0.2,2025-07-19,11,30,0,5,7,2025,1
2025-07-19 12:30:00+00:00,32.274,77.0,27.725565,40.283222,996.6,990.9341,100.0,58.0,0.0,100.0,4.3498964,245.55606,14.4,0.3,0.0,45.0,80.0,9.227524,10.24578,10.931203,249.44388,251.56496,252.75845,0.0,0.3,2025-07-19,12,30,0,5,7,2025,1
2025-07-19 13:30:00+00:00,31.624,82.0,28.172892,40.11479,997.1,991.4191,100.0,0.0,0.0,100.0,3.396233,212.00534,10.08,0.0,0.0,13.0,3.0,8.714677,10.383987,11.609651,231.7098,236.3099,240.2552,0.0,0.0,2025-07-19,13,30,0,5,7,2025,1
2025-07-19 14:30:00+00:00,31.174002,84.0,28.147215,39.624336,997.8,992.1068,100.0,0.0,0.0,100.0,3.5455887,203.9625,7.92,0.0,0.0,3.0,3.0,10.009036,12.229406,12.599998,217.6943,227.38597,233.13002,0.0,0.0,2025-07-19,14,30,0,5,7,2025,1
2025-07-19 15:30:00+00:00,30.724,87.0,28.308928,39.159683,998.6,992.89374,100.0,0.0,7.0,100.0,4.510787,208.61037,10.440001,0.0,0.0,3.0,3.0,12.387348,14.773164,14.529915,215.53777,223.02507,228.01286,0.0,0.0,2025-07-19,15,30,0,5,7,2025,1
2025-07-19 16:30:00+00:00,30.224,88.0,28.013577,38.30362,998.7,992.9839,100.0,13.0,16.0,100.0,5.3999996,216.86998,12.599999,0.0,0.0,5.0,3.0,13.783817,17.072504,16.489416,220.76352,227.56381,233.88057,0.0,0.0,2025-07-19,16,30,0,5,7,2025,1
2025-07-19 17:30:00+00:00,29.824001,87.0,27.424713,37.502186,998.4,992.6781,100.0,22.0,31.0,100.0,5.1165614,219.28938,12.599999,0.0,0.0,13.0,3.0,13.493999,17.429354,17.727943,223.91916,231.7098,240.83249,0.0,0.0,2025-07-19,17,30,0,5,7,2025,1
2025-07-19 18:30:00+00:00,29.524,88.0,27.32484,37.35801,998.1,992.37427,100.0,38.0,33.0,100.0,3.5455887,203.9625,11.879999,0.0,0.0,18.0,3.0,10.233123,14.84318,17.388409,219.28938,230.90614,242.90453,0.0,0.0,2025-07-19,18,30,0,5,7,2025,1
2025-07-19 19:30:00+00:00,29.224,89.0,27.222197,36.86794,998.1,992.3686,100.0,75.0,59.0,100.0,4.3349743,94.76356,10.440001,0.2,0.0,28.0,80.0,6.151683,4.8965297,5.634891,110.55613,143.97253,206.56499,0.0,0.2,2025-07-19,19,30,0,5,7,2025,1
2025-07-19 20:30:00+00:00,28.724,92.0,27.293936,36.311512,998.0,992.2596,100.0,73.0,82.0,100.0,5.0911684,98.13002,15.119999,1.2,0.0,40.0,95.0,9.885262,9.565437,6.1094027,100.491425,109.798965,135.0001,0.0,1.2,2025-07-19,20,30,0,5,7,2025,1
2025-07-19 21:30:00+00:00,28.274,93.0,27.032614,35.61383,997.6,991.8534,100.0,66.0,71.0,100.0,5.4833565,113.19862,16.199999,0.6,0.0,48.0,80.0,10.30883,11.592894,7.9036193,114.775116,126.15828,149.9315,0.0,0.6,2025-07-19,21,30,0,5,7,2025,1
2025-07-19 22:30:00+00:00,27.974,94.0,26.917185,35.175713,997.4,991.64905,100.0,73.0,65.0,100.0,5.8603754,132.5104,17.64,0.7,0.0,48.0,80.0,10.948973,14.05845,11.503113,133.66785,140.19447,159.86362,0.0,0.7,2025-07-19,22,30,0,5,7,2025,1
2025-07-19 23:30:00+00:00,27.824001,95.0,26.948315,34.937977,997.6,991.84503,100.0,73.0,59.0,100.0,6.6185193,157.61983,17.64,0.6,0.0,50.0,80.0,13.32,17.462782,16.919998,161.07526,165.67725,180.0,0.0,0.6,2025-07-19,23,30,0,5,7,2025,1
2025-07-20 00:30:00+00:00,27.974,94.0,26.917185,35.150288,998.3,992.5438,100.0,71.0,90.0,100.0,6.0347,162.64589,15.4800005,0.0,0.0,45.0,3.0,11.874544,16.65754,17.698677,165.96373,173.79665,184.66678,0.0,0.0,2025-07-20,0,30,0,6,7,2025,1
2025-07-20 01:30:00+00:00,28.174002,93.0,26.933527,35.393612,999.0,993.2435,100.0,71.0,100.0,100.0,5.815978,158.19853,16.919998,0.2,0.0,43.0,61.0,10.829958,12.0694,15.84,158.5522,162.64589,180.0,0.1,0.1,2025-07-20,1,30,0,6,7,2025,1
2025-07-20 02:30:00+00:00,28.324001,92.0,26.898132,35.346508,999.4,993.644,100.0,64.0,93.0,100.0,6.9899354,168.11136,18.359999,0.7,0.0,43.0,61.0,11.720751,13.084402,16.62249,169.3804,172.09293,184.96965,0.4,0.3,2025-07-20,2,30,0,6,7,2025,1
2025-07-20 03:30:00+00:00,28.974,88.0,26.783674,35.886036,999.9,994.1536,100.0,68.0,67.0,100.0,7.172949,162.47433,19.8,0.1,0.0,53.0,61.0,11.620809,11.966954,13.009903,163.81073,164.2913,165.5792,0.0,0.0,2025-07-20,3,30,0,6,7,2025,1
2025-07-20 04:30:00+00:00,29.324001,87.0,26.933458,36.523514,999.8,994.0607,100.0,65.0,87.0,100.0,5.937272,165.96373,19.8,0.4,0.0,63.0,80.0,9.255571,9.605998,9.6932955,166.50426,167.00539,164.93146,0.0,0.4,2025-07-20,4,30,0,6,7,2025,1
2025-07-20 05:30:00+00:00,29.174002,87.0,26.78608,36.239365,999.9,994.15735,100.0,76.0,100.0,100.0,6.1305785,130.23628,18.359999,0.6,0.0,68.0,80.0,8.942214,9.178235,9.1641035,130.10085,131.82008,135.0001,0.1,0.5,2025-07-20,5,30,0,6,7,2025,1
2025-07-20 06:30:00+00:00,28.724,90.0,26.919481,35.69818,999.7,993.94977,100.0,81.0,100.0,100.0,7.42159,112.833694,20.519999,1.5,0.0,58.0,61.0,11.298495,11.440979,11.269782,112.47948,114.14554,116.56499,0.8,0.6,2025-07-20,6,30,0,6,7,2025,1
2025-07-20 07:30:00+00:00,28.124,90.0,26.327414,34.677544,999.4,993.6403,100.0,73.0,100.0,100.0,7.42159,104.03627,20.16,1.4,0.0,60.0,80.0,11.525623,11.966954,12.413476,104.47034,105.7087,106.85848,0.7,0.7,2025-07-20,7,30,0,6,7,2025,1
2025-07-20 08:30:00+00:00,28.324001,89.0,26.335367,34.862553,998.9,993.14685,100.0,78.0,100.0,100.0,7.5599995,90.0,19.08,0.2,0.0,58.0,61.0,11.879999,11.879999,13.684735,90.0,90.0,91.50741,0.2,0.0,2025-07-20,8,30,0,6,7,2025,1
2025-07-20 09:30:00+00:00,28.524,87.0,26.14742,34.773373,998.6,992.8523,100.0,67.0,92.0,100.0,8.64,90.0,21.24,0.1,0.0,43.0,61.0,13.32,14.04,15.119999,90.0,90.0,90.0,0.1,0.0,2025-07-20,9,30,0,6,7,2025,1
2025-07-20 10:30:00+00:00,28.474,87.0,26.098291,34.84686,998.5,992.75195,100.0,54.0,79.0,100.0,7.5599995,90.0,20.880001,0.0,0.0,33.0,3.0,11.879999,12.599999,13.32,90.0,90.0,90.0,0.0,0.0,2025-07-20,10,30,0,6,7,2025,1
2025-07-20 11:30:00+00:00,28.424002,87.0,26.049164,34.920433,998.8,993.0493,100.0,50.0,87.0,100.0,6.4799995,90.0,18.359999,0.0,0.0,28.0,3.0,10.805999,11.165805,11.165805,88.09089,88.15243,88.15243,0.0,0.0,2025-07-20,11,30,0,6,7,2025,1
2025-07-20 12:30:00+00:00,28.074001,89.0,26.089014,34.754444,999.1,993.34106,100.0,48.0,60.0,100.0,5.4119864,93.814,15.119999,0.0,0.0,23.0,3.0,10.08,11.165805,13.004921,90.0,88.15243,85.23644,0.0,0.0,2025-07-20,12,30,0,6,7,2025,1
2025-07-20 13:30:00+00:00,27.774,91.0,26.168856,34.685215,999.5,993.7328,100.0,47.0,59.0,100.0,4.2136917,70.01681,12.24,0.0,0.0,15.0,3.0,8.427383,10.703569,13.779114,70.01681,70.346085,70.1447,0.0,0.0,2025-07-20,13,30,0,6,7,2025,1
2025-07-20 14:30:00+00:00,27.674002,91.0,26.070038,34.516804,1000.3,994.52637,100.0,48.0,71.0,100.0,4.2136917,70.01681,10.08,0.0,0.0,18.0,3.0,9.227524,11.165805,14.118243,69.44388,69.22767,70.640915,0.0,0.0,2025-07-20,14,30,0,6,7,2025,1
2025-07-20 15:30:00+00:00,27.474,92.0,26.057026,34.395042,1000.6,994.82086,100.0,50.0,100.0,99.0,3.6179552,84.2895,10.08,0.0,0.0,30.0,3.0,7.9932976,10.594036,13.138765,82.234924,80.21766,80.53775,0.0,0.0,2025-07-20,15,30,0,6,7,2025,1
2025-07-20 16:30:00+00:00,27.374,93.0,26.140818,34.303455,1001.0,995.2167,100.0,57.0,96.0,100.0,3.96,90.0,9.0,0.0,0.0,20.0,3.0,7.928178,10.086427,12.6462,92.60251,92.045364,94.89901,0.0,0.0,2025-07-20,16,30,0,6,7,2025,1
2025-07-20 17:30:00+00:00,27.224,92.0,25.809635,33.751312,1001.2,995.4127,100.0,72.0,95.0,100.0,5.1544156,77.90526,11.5199995,0.1,0.0,18.0,3.0,10.1376915,11.879999,12.964998,83.88459,90.0,91.59111,0.0,0.1,2025-07-20,17,30,0,6,7,2025,1
2025-07-20 18:30:00+00:00,27.124,93.0,25.893091,33.613785,1001.1,995.3114,100.0,79.0,93.0,100.0,5.8048253,82.875084,13.32,0.5,0.0,23.0,80.0,11.928989,15.124284,17.518356,84.805664,91.3639,99.46225,0.0,0.5,2025-07-20,18,30,0,6,7,2025,1
2025-07-20 19:30:00+00:00,26.974,94.0,25.924955,33.54323,1000.4,994.6124,100.0,79.0,87.0,100.0,5.4119864,86.186005,13.32,0.0,0.0,33.0,3.0,10.799999,14.471821,18.0,90.0,95.7105,106.26028,0.0,0.0,2025-07-20,19,30,0,6,7,2025,1
2025-07-20 20:30:00+00:00,26.824001,95.0,25.954758,33.363243,1000.1,994.3113,100.0,76.0,64.0,100.0,5.7599998,90.0,13.679999,0.5,0.0,38.0,80.0,11.885453,15.683776,18.556595,91.73567,99.24603,108.08354,0.0,0.5,2025-07-20,20,30,0,6,7,2025,1
2025-07-20 21:30:00+00:00,26.724,95.0,25.855402,33.19355,999.9,994.1106,100.0,71.0,62.0,100.0,5.771239,93.57626,14.04,0.5,0.0,45.0,80.0,11.928989,15.815435,18.792551,95.19434,101.821465,110.17074,0.0,0.5,2025-07-20,21,30,0,6,7,2025,1
2025-07-20 22:30:00+00:00,26.674002,95.0,25.805723,33.109657,1000.1,994.3085,100.0,80.0,66.0,100.0,5.771239,93.57626,13.679999,0.3,0.0,38.0,80.0,11.966953,15.893093,19.05281,96.91113,103.0919,112.20353,0.0,0.3,2025-07-20,22,30,0,6,7,2025,1
2025-07-20 23:30:00+00:00,26.674002,95.0,25.805723,33.1638,1000.6,994.80554,100.0,77.0,62.0,100.0,5.3999996,90.0,13.32,0.4,0.0,30.0,80.0,11.570515,15.542662,18.720001,95.355736,103.39252,112.61991,0.0,0.4,2025-07-20,23,30,0,6,7,2025,1
2025-07-21 00:30:00+00:00,26.974,93.0,25.744453,33.466522,1001.2,995.4078,100.0,70.0,90.0,100.0,5.0911684,81.86999,12.599999,0.3,0.0,34.0,80.0,9.3876505,13.004921,16.279802,85.60138,94.76356,108.03438,0.0,0.3,2025-07-21,0,30,0,0,7,2025,0
2025-07-21 01:30:00+00:00,27.574001,91.0,25.971218,34.070724,1001.6,995.817,100.0,76.0,82.0,97.0,6.12,90.0,15.4800005,0.0,0.0,40.0,3.0,9.3669195,10.853866,13.32,92.20255,95.7105,108.92474,0.0,0.0,2025-07-21,1,30,0,0,7,2025,0
2025-07-21 02:30:00+00:00,28.324001,87.0,25.950905,34.8432,1001.7,995.9307,100.0,72.0,57.0,100.0,5.8603754,100.619606,19.44,0.2,0.0,45.0,3.0,8.825508,8.825508,13.441071,101.768265,101.768265,110.37652,0.0,0.2,2025-07-21,2,30,0,0,7,2025,0
2025-07-21 03:30:00+00:00,29.024,85.0,26.24442,35.85752,1001.9,996.14307,100.0,63.0,58.0,100.0,5.0911684,98.13002,17.28,0.4,0.0,48.0,80.0,6.5693827,6.638072,6.9899354,99.46225,102.5288,101.88863,0.0,0.4,2025-07-21,3,30,0,0,7,2025,0
2025-07-21 04:30:00+00:00,30.174002,80.0,26.340057,37.130085,1001.7,995.96576,98.0,71.0,65.0,79.0,4.6938252,94.39862,16.56,0.1,0.0,49.0,3.0,5.771239,6.130579,6.489992,93.57626,93.366394,93.17977,0.0,0.1,2025-07-21,4,30,0,0,7,2025,0
2025-07-21 05:30:00+00:00,31.324001,73.0,25.902847,38.331314,1001.1,995.3907,100.0,76.0,64.0,100.0,4.6938252,94.39862,17.28,0.1,0.0,50.0,3.0,5.771239,6.130579,6.130579,93.57626,93.366394,93.366394,0.0,0.1,2025-07-21,5,30,0,0,7,2025,0
2025-07-21 06:30:00+00:00,31.724,72.0,26.05381,38.63424,1000.3,994.6028,100.0,75.0,67.0,100.0,3.6179552,95.7105,16.56,0.1,0.0,51.0,3.0,4.6938252,4.6938252,5.0528407,94.39862,94.39862,94.08554,0.0,0.1,2025-07-21,6,30,0,0,7,2025,0
2025-07-21 07:30:00+00:00,32.274,70.0,26.10409,39.32544,999.5,993.81757,100.0,77.0,54.0,100.0,2.8799999,90.0,14.04,0.1,0.0,51.0,3.0,3.6,3.96,3.96,90.0,90.0,90.0,0.0,0.1,2025-07-21,7,30,0,0,7,2025,0
2025-07-21 08:30:00+00:00,32.724,68.0,26.04326,39.73233,998.7,993.03064,100.0,76.0,48.0,100.0,2.8799999,90.0,12.599999,0.0,0.0,50.0,3.0,3.6,3.96,3.96,90.0,90.0,90.0,0.0,0.0,2025-07-21,8,30,0,0,7,2025,0
2025-07-21 09:30:00+00:00,32.724,68.0,26.04326,39.781097,998.0,992.3346,100.0,75.0,48.0,100.0,2.5455842,98.13002,11.879999,0.0,0.0,45.0,3.0,2.968636,3.319036,3.319036,104.03627,102.5288,102.5288,0.0,0.0,2025-07-21,9,30,0,0,7,2025,0
2025-07-21 10:30:00+00:00,32.474,69.0,26.051775,39.460217,997.6,991.9321,100.0,69.0,40.0,100.0,3.0758414,110.55613,11.5199995,0.0,0.0,39.0,3.0,3.7585104,3.7585104,3.7585104,106.699326,106.699326,106.699326,0.0,0.0,2025-07-21,10,30,0,0,7,2025,0
2025-07-21 11:30:00+00:00,31.924002,71.0,26.009083,38.90726,997.7,992.02136,100.0,68.0,54.0,100.0,2.9024127,97.12492,11.5199995,0.0,0.0,33.0,3.0,3.6179552,3.6179552,3.6,95.7105,95.7105,90.0,0.0,0.0,2025-07-21,11,30,0,0,7,2025,0
2025-07-21 12:30:00+00:00,30.824001,76.0,26.101725,37.761578,998.3,992.59735,100.0,44.0,41.0,100.0,3.671294,78.6901,12.599999,0.1,0.0,30.0,3.0,5.506941,5.506941,5.1544156,78.6901,78.6901,77.90526,0.0,0.1,2025-07-21,12,30,0,0,7,2025,0
2025-07-21 13:30:00+00:00,30.124,82.0,26.71025,37.60378,999.1,993.3797,100.0,16.0,27.0,100.0,2.9024127,82.875084,11.879999,0.0,0.0,28.0,3.0,7.2359104,7.5685663,7.208994,84.2895,87.27374,92.86235,0.0,0.0,2025-07-21,13,30,0,0,7,2025,0
2025-07-21 14:30:00+00:00,29.774,84.0,26.777866,37.355022,999.7,993.9697,100.0,0.0,17.0,100.0,2.5455842,98.13002,6.4799995,0.0,0.0,25.0,3.0,6.638072,7.8625183,7.8954163,102.5288,105.945465,114.22774,0.0,0.0,2025-07-21,14,30,0,0,7,2025,0
2025-07-21 15:30:00+00:00,29.574001,86.0,26.982162,37.359135,1000.3,994.56256,100.0,0.0,24.0,100.0,2.16,90.0,5.04,0.0,0.0,19.0,3.0,6.379216,8.225035,9.021574,106.38962,113.198616,118.61037,0.0,0.0,2025-07-21,15,30,0,0,7,2025,0
2025-07-21 16:30:00+00:00,29.324001,87.0,26.933458,37.018135,1000.5,994.7567,97.0,6.0,32.0,94.0,2.5455842,135.0001,5.7599998,0.0,0.0,13.0,3.0,7.653705,9.686609,10.97262,131.18582,131.98714,131.00899,0.0,0.0,2025-07-21,16,30,0,0,7,2025,0
2025-07-21 17:30:00+00:00,28.924002,88.0,26.734476,36.377327,1000.2,994.4509,96.0,27.0,32.0,91.0,3.219938,153.43501,7.2,0.0,0.0,13.0,3.0,9.659814,11.4862,12.599998,153.43501,147.80429,143.13002,0.0,0.0,2025-07-21,17,30,0,0,7,2025,0
2025-07-21 18:30:00+00:00,28.424002,90.0,26.623453,35.740967,999.7,993.94415,100.0,45.0,40.0,100.0,3.6179552,174.2895,8.64,0.5,0.0,24.0,80.0,9.531505,11.726277,12.55879,169.11452,162.12122,152.70052,0.0,0.5,2025-07-21,18,30,0,0,7,2025,0
2025-07-21 19:30:00+00:00,28.074001,91.0,26.46531,35.470898,999.2,993.44055,100.0,49.0,43.0,100.0,2.3051248,218.65984,8.28,1.1,0.0,40.0,95.0,5.95906,7.5942073,8.905908,205.01686,185.44025,165.96373,0.0,1.1,2025-07-21,19,30,0,0,7,2025,0
2025-07-21 20:30:00+00:00,27.774,92.0,26.35389,35.050533,998.8,993.0368,100.0,43.0,48.0,100.0,2.5959969,303.6901,7.5599995,1.1,0.0,53.0,95.0,4.3349743,2.9024127,3.671294,274.76355,240.2552,168.69011,0.0,1.1,2025-07-21,20,30,0,0,7,2025,0
2025-07-21 21:30:00+00:00,27.624,92.0,26.20546,34.70592,998.8,993.0341,100.0,70.0,57.0,100.0,3.219938,333.43503,9.36,1.2,0.0,47.0,95.0,6.193674,3.8939953,1.0182338,324.46225,326.3099,44.999897,0.0,1.2,2025-07-21,21,30,0,0,7,2025,0
2025-07-21 22:30:00+00:00,27.374,93.0,26.140818,34.36389,999.0,993.2283,100.0,79.0,73.0,100.0,3.5455887,336.0375,10.440001,2.3,0.0,57.0,96.0,7.8954163,6.489992,3.2599385,335.77228,340.55988,6.3401003,0.0,2.4,2025-07-21,22,30,0,0,7,2025,0
2025-07-21 23:30:00+00:00,27.324001,93.0,26.091274,34.32125,999.5,993.7244,100.0,84.0,66.0,100.0,3.2599385,353.6599,10.440001,0.9,0.0,63.0,95.0,7.5942073,7.928178,5.154415,354.55975,2.6025116,24.775122,0.0,0.9,2025-07-21,23,30,0,0,7,2025,0
2025-07-22 00:30:00+00:00,27.324001,93.0,26.091274,34.20969,1000.1,994.3209,100.0,71.0,36.0,100.0,4.0249224,10.304792,12.599999,1.6,0.0,66.0,80.0,7.342588,9.904906,8.39657,11.3098955,19.093594,30.963696,0.0,1.6,2025-07-22,0,30,0,1,7,2025,0
2025-07-22 01:30:00+00:00,28.074001,88.0,25.898087,34.631546,1000.3,994.5342,98.0,79.0,40.0,83.0,5.3517847,19.653913,13.679999,0.0,0.0,67.0,3.0,7.754637,8.699793,8.78872,21.801476,24.443953,34.9921,0.0,0.0,2025-07-22,1,30,0,1,7,2025,0
2025-07-22 02:30:00+00:00,28.924002,84.0,25.94641,35.77387,1000.2,994.4509,92.0,76.0,49.0,43.0,3.563818,44.999897,14.759999,0.1,0.0,67.0,3.0,4.8433046,5.1165614,5.991594,48.01287,50.710617,57.264786,0.0,0.1,2025-07-22,2,30,0,1,7,2025,0
2025-07-22 03:30:00+00:00,29.724,82.0,26.320179,37.08909,1000.1,994.36646,100.0,77.0,38.0,100.0,1.8,53.13002,12.24,0.5,0.0,67.0,80.0,2.3051248,2.5959969,2.5959969,51.34017,56.309914,56.309914,0.0,0.5,2025-07-22,3,30,0,1,7,2025,0
2025-07-22 04:30:00+00:00,30.524,79.0,26.466835,38.01834,999.9,994.18256,100.0,69.0,39.0,100.0,1.609969,63.435013,9.72,0.1,0.0,66.0,3.0,1.9386592,1.9386592,2.2768397,68.19853,68.19853,71.564964,0.0,0.1,2025-07-22,4,30,0,1,7,2025,0
2025-07-22 05:30:00+00:00,31.374,75.0,26.40822,39.00743,999.4,993.70135,100.0,79.0,37.0,100.0,0.35999998,90.0,9.36,0.1,0.0,65.0,3.0,0.8049845,0.8049845,1.2979984,116.56499,116.56499,123.690094,0.0,0.1,2025-07-22,5,30,0,1,7,2025,0
2025-07-22 06:30:00+00:00,31.824001,73.0,26.383265,39.185246,998.5,992.81494,100.0,87.0,34.0,100.0,2.0991426,239.0363,10.440001,0.1,0.0,65.0,3.0,2.5959969,2.5959969,2.5455842,236.3099,236.3099,224.9999,0.0,0.1,2025-07-22,6,30,0,1,7,2025,0
2025-07-22 07:30:00+00:00,32.224,73.0,26.767576,39.57644,997.8,992.1263,100.0,83.0,42.0,100.0,4.0249224,243.43501,14.04,0.2,0.0,65.0,3.0,5.00128,5.00128,5.00128,239.74365,239.74365,239.74365,0.0,0.2,2025-07-22,7,30,0,1,7,2025,0
2025-07-22 08:30:00+00:00,32.124,74.0,26.902746,39.51155,997.1,991.4284,100.0,78.0,24.0,100.0,4.452954,255.96373,15.119999,0.6,0.0,65.0,80.0,5.5887027,5.5887027,5.5887027,255.06853,255.06853,255.06853,0.0,0.6,2025-07-22,8,30,0,1,7,2025,0
2025-07-22 09:30:00+00:00,31.974,75.0,26.986675,39.422657,996.4,990.72974,100.0,62.0,17.0,100.0,4.452954,255.96373,15.119999,0.6,0.0,64.0,80.0,5.506941,5.506941,5.506941,258.6901,258.6901,258.6901,0.0,0.6,2025-07-22,9,30,0,1,7,2025,0
2025-07-22 10:30:00+00:00,31.724,77.0,27.19357,39.374924,995.9,990.2279,100.0,72.0,30.0,100.0,4.1046314,254.74483,14.759999,0.5,0.0,62.0,80.0,5.2416787,5.2416787,5.2416787,254.05453,254.05453,254.05453,0.0,0.6,2025-07-22,10,30,0,1,7,2025,0
2025-07-22 11:30:00+00:00,31.124,78.0,26.832384,38.4738,995.8,990.11725,100.0,55.0,25.0,100.0,4.379589,260.53775,15.119999,1.0,0.0,60.0,95.0,5.8603754,6.2145634,6.2145634,259.3804,259.9921,259.9921,0.0,1.0,2025-07-22,11,30,0,1,7,2025,0
2025-07-22 12:30:00+00:00,30.674002,81.0,27.037477,38.41209,996.2,990.50653,100.0,57.0,30.0,100.0,2.7416782,246.80138,12.959999,0.4,0.0,56.0,80.0,3.5455887,4.2136917,4.2136917,246.0375,250.0168,250.0168,0.0,0.4,2025-07-22,12,30,0,1,7,2025,0
2025-07-22 13:30:00+00:00,30.124,84.0,27.120218,38.11346,997.1,991.3912,100.0,60.0,34.0,100.0,1.4399999,180.0,10.440001,0.4,0.0,49.0,80.0,2.16,2.1897945,2.2768397,180.0,189.46225,198.43504,0.0,0.4,2025-07-22,13,30,0,1,7,2025,0
2025-07-22 14:30:00+00:00,29.624,87.0,27.22821,37.532448,997.7,991.97833,100.0,62.0,39.0,100.0,2.5455842,135.0001,8.28,0.4,0.0,42.0,80.0,4.1046314,3.7064266,3.5455887,142.12495,150.9455,156.0375,0.0,0.4,2025-07-22,14,30,0,1,7,2025,0
2025-07-22 15:30:00+00:00,29.124,89.0,27.123665,36.844105,998.0,992.26733,100.0,60.0,43.0,100.0,3.319036,139.39879,8.64,0.9,0.0,36.0,95.0,5.8048253,6.151683,5.2416787,150.2552,159.44388,164.05453,0.0,0.9,2025-07-22,15,30,0,1,7,2025,0
2025-07-22 16:30:00+00:00,28.624,92.0,27.194984,36.36434,998.2,992.45654,100.0,59.0,46.0,100.0,3.5455887,156.0375,9.0,0.9,0.0,31.0,95.0,7.072878,8.759178,7.5685663,165.2564,170.53775,177.27374,0.0,0.9,2025-07-22,16,30,0,1,7,2025,0
2025-07-22 17:30:00+00:00,28.224,93.0,26.983068,35.77947,998.2,992.4491,100.0,57.0,50.0,100.0,3.7585104,163.30067,9.36,0.9,0.0,30.0,95.0,8.049845,10.495713,9.007196,169.6952,174.09395,182.29056,0.0,0.9,2025-07-22,17,30,0,1,7,2025,0
2025-07-22 18:30:00+00:00,27.874,93.0,26.636263,35.163357,997.8,992.0448,100.0,63.0,56.0,100.0,3.8773184,158.19853,9.36,2.1,0.0,33.0,80.0,7.8625183,10.594036,9.0,164.05453,170.21767,180.0,0.0,2.1,2025-07-22,18,30,0,1,7,2025,0
2025-07-22 19:30:00+00:00,27.574001,93.0,26.338997,34.694035,997.3,991.5418,100.0,69.0,63.0,100.0,3.6,143.13002,9.0,2.1,0.0,39.0,80.0,7.24486,9.449572,8.311245,153.43501,162.25523,175.03035,0.0,2.1,2025-07-22,19,30,0,1,7,2025,0
2025-07-22 20:30:00+00:00,27.374,93.0,26.140818,34.361233,996.9,991.14044,100.0,75.0,69.0,100.0,3.563818,135.0001,9.0,2.1,0.0,48.0,80.0,6.9153743,8.854829,7.6367526,141.34016,153.43501,171.86998,0.0,2.1,2025-07-22,20,30,0,1,7,2025,0
2025-07-22 21:30:00+00:00,27.174002,93.0,25.942638,34.02456,996.9,991.13666,100.0,78.0,66.0,100.0,3.563818,135.0001,9.0,0.9,0.0,56.0,95.0,6.8777895,8.39657,7.2805495,137.12111,149.03632,171.46931,0.0,0.9,2025-07-22,21,30,0,1,7,2025,0
2025-07-22 22:30:00+00:00,27.074001,93.0,25.843546,33.851456,997.1,991.3333,100.0,81.0,64.0,100.0,3.6,126.86999,9.0,0.9,0.0,64.0,95.0,6.3690495,7.9932966,6.924738,132.70937,144.16226,171.02745,0.0,0.9,2025-07-22,22,30,0,1,7,2025,0
2025-07-22 23:30:00+00:00,27.074001,93.0,25.843546,33.851456,997.3,991.53217,100.0,84.0,61.0,100.0,3.6,126.86999,9.0,0.9,0.0,70.0,95.0,6.1305785,7.386582,6.28713,130.23628,136.97493,166.75948,0.0,0.9,2025-07-22,23,30,0,1,7,2025,0
2025-07-23 00:30:00+00:00,27.224,93.0,25.992182,34.04135,997.7,991.933,100.0,83.0,61.0,100.0,4.0249224,116.56499,10.799999,0.8,0.0,73.0,95.0,5.991594,7.2,5.991594,122.73522,126.86999,147.26479,0.0,0.8,2025-07-23,0,30,0,2,7,2025,0
2025-07-23 01:30:00+00:00,27.524,92.0,26.106503,34.392353,998.2,992.4357,100.0,83.0,62.0,100.0,4.2136917,109.98319,12.959999,0.8,0.0,75.0,95.0,6.28713,6.763786,6.489992,113.62939,115.20109,123.6901,0.0,0.8,2025-07-23,1,30,0,2,7,2025,0
2025-07-23 02:30:00+00:00,27.924002,90.0,26.130058,34.773067,998.4,992.64233,100.0,82.0,62.0,100.0,4.452954,104.03627,14.759999,0.8,0.0,76.0,95.0,6.0347,6.379216,6.9527545,107.35411,106.38962,111.25058,0.0,0.8,2025-07-23,2,30,0,2,7,2025,0
2025-07-23 03:30:00+00:00,28.574001,87.0,26.19655,35.56936,998.3,992.555,100.0,78.0,59.0,100.0,3.7585104,106.699326,13.679999,0.5,0.0,77.0,80.0,5.0142193,5.2416787,6.151683,111.03758,105.945465,110.55613,0.0,0.5,2025-07-23,3,30,0,2,7,2025,0
2025-07-23 04:30:00+00:00,29.324001,83.0,26.13497,36.423313,997.9,992.1717,100.0,74.0,56.0,100.0,2.7416782,113.19862,12.599999,0.5,0.0,77.0,80.0,3.7064266,3.8773184,4.0249224,119.05451,111.801476,116.56499,0.0,0.5,2025-07-23,4,30,0,2,7,2025,0
2025-07-23 05:30:00+00:00,30.024,79.0,25.981544,37.15308,997.4,991.6876,100.0,70.0,53.0,100.0,1.8,126.86999,11.5199995,0.5,0.0,78.0,80.0,2.5959969,2.5959969,2.5959969,123.690094,123.690094,123.690094,0.0,0.5,2025-07-23,5,30,0,2,7,2025,0
2025-07-23 06:30:00+00:00,30.624,76.0,25.908556,37.79813,996.6,990.90326,100.0,74.0,53.0,100.0,1.1384199,108.43504,10.799999,0.1,0.0,79.0,3.0,1.484318,1.609969,1.609969,104.03627,116.56499,116.56499,0.0,0.1,2025-07-23,6,30,0,2,7,2025,0
2025-07-23 07:30:00+00:00,31.174002,74.0,25.988403,38.450504,995.6,989.9193,100.0,78.0,52.0,100.0,0.8049845,63.435013,9.72,0.1,0.0,81.0,3.0,1.2979984,1.1384199,1.1384199,56.309914,71.564964,71.564964,0.0,0.1,2025-07-23,7,30,0,2,7,2025,0
2025-07-23 08:30:00+00:00,31.524,73.0,26.095016,38.824795,994.8,989.1304,100.0,82.0,52.0,100.0,1.1384199,18.435053,9.0,0.1,0.0,83.0,3.0,1.609969,1.2979984,1.2979984,26.564985,33.6901,33.6901,0.0,0.1,2025-07-23,8,30,0,2,7,2025,0
2025-07-23 09:30:00+00:00,31.574001,73.0,26.14306,38.916534,994.2,988.5347,98.0,80.0,54.0,79.0,1.08,360.0,7.92,0.1,0.0,84.0,3.0,1.484318,1.1384199,1.484318,14.036275,18.435053,14.036275,0.0,0.1,2025-07-23,9,30,0,2,7,2025,0
2025-07-23 10:30:00+00:00,31.374,74.0,26.180904,38.795788,993.8,988.13324,96.0,79.0,56.0,57.0,0.71999997,360.0,6.8399997,0.1,0.0,85.0,3.0,1.1384199,1.08,1.08,18.435053,360.0,360.0,0.0,0.1,2025-07-23,10,30,0,2,7,2025,0
2025-07-23 11:30:00+00:00,30.974,76.0,26.246592,38.494953,993.7,988.0264,94.0,77.0,58.0,36.0,0.35999998,270.0,5.7599998,0.1,0.0,85.0,3.0,0.35999998,0.35999998,0.5091169,270.0,270.0,315.0001,0.0,0.1,2025-07-23,11,30,0,2,7,2025,0
2025-07-23 12:30:00+00:00,30.324001,80.0,26.485878,37.877724,994.3,988.61096,96.0,67.0,54.0,57.0,1.2979984,213.6901,7.2,0.8,0.0,83.0,95.0,3.096837,2.9024127,1.9386592,215.53777,209.7448,201.80147,0.0,0.8,2025-07-23,12,30,0,2,7,2025,0
2025-07-23 13:30:00+00:00,29.474,85.0,26.685263,36.937286,995.3,989.58936,98.0,56.0,49.0,79.0,2.9024127,209.7448,8.28,0.8,0.0,81.0,95.0,6.297428,5.95906,4.802999,210.96368,205.01686,192.99461,0.0,0.8,2025-07-23,13,30,0,2,7,2025,0
2025-07-23 14:30:00+00:00,28.774,89.0,26.778788,36.188473,996.1,990.37164,100.0,46.0,45.0,100.0,3.7064266,209.0545,9.72,0.8,0.0,77.0,95.0,8.39657,8.225035,6.638072,210.96368,203.19861,192.5288,0.0,0.8,2025-07-23,14,30,0,2,7,2025,0
2025-07-23 15:30:00+00:00,28.374,91.0,26.761757,35.792572,996.6,990.861,100.0,48.0,48.0,100.0,3.6,216.86998,9.0,0.1,0.0,74.0,3.0,7.9932966,8.217153,6.725354,215.83774,208.8107,195.52417,0.0,0.1,2025-07-23,15,30,0,2,7,2025,0
2025-07-23 16:30:00+00:00,28.124,92.0,26.700226,35.61395,996.8,991.0553,100.0,50.0,52.0,100.0,2.8116899,230.19447,7.92,0.1,0.0,71.0,3.0,6.8777895,7.7043357,6.151683,227.12111,217.40543,200.55612,0.0,0.1,2025-07-23,16,30,0,2,7,2025,0
2025-07-23 17:30:00+00:00,27.924002,93.0,26.685808,35.507946,996.9,991.151,100.0,52.0,55.0,100.0,2.0991426,239.0363,7.2,0.1,0.0,70.0,3.0,4.8965297,6.1305785,5.2416787,233.97253,220.23628,195.94547,0.0,0.1,2025-07-23,17,30,0,2,7,2025,0
2025-07-23 18:30:00+00:00,27.674002,94.0,26.619522,35.39986,996.6,990.8477,100.0,57.0,49.0,100.0,0.8049845,206.56499,7.2,1.2,0.0,83.0,80.0,2.0991426,3.7585104,4.452954,210.96368,196.69933,165.96373,0.0,1.2,2025-07-23,18,30,0,2,7,2025,0
2025-07-23 19:30:00+00:00,27.524,94.0,26.470684,35.045452,996.1,990.3478,100.0,62.0,42.0,100.0,1.484318,104.03627,7.2,1.2,0.0,82.0,80.0,2.7416782,3.8268526,5.3999996,113.19862,131.18582,126.86998,0.0,1.2,2025-07-23,19,30,0,2,7,2025,0
2025-07-23 20:30:00+00:00,27.374,94.0,26.321852,34.587376,995.8,990.04675,100.0,67.0,36.0,100.0,2.8799999,90.0,7.2,1.2,0.0,82.0,80.0,5.0528407,6.0347,6.9527545,94.08554,107.35411,111.25058,0.0,1.2,2025-07-23,20,30,0,2,7,2025,0
2025-07-23 21:30:00+00:00,27.274,94.0,26.222628,34.414856,995.7,989.94543,100.0,71.0,45.0,100.0,2.9024127,82.875084,6.8399997,0.0,0.0,81.0,3.0,5.4119864,6.5693827,7.072878,86.186005,99.46225,104.743614,0.0,0.0,2025-07-23,21,30,0,2,7,2025,0
2025-07-23 22:30:00+00:00,27.224,93.0,25.992182,34.29628,995.8,990.04395,100.0,76.0,55.0,100.0,2.2768397,71.564964,6.8399997,0.0,0.0,80.0,3.0,4.452954,5.7599998,6.5693827,75.96373,90.0,99.46225,0.0,0.0,2025-07-23,22,30,0,2,7,2025,0
2025-07-23 23:30:00+00:00,27.374,92.0,25.95807,34.471813,995.9,990.1462,100.0,80.0,64.0,100.0,1.9386592,68.19853,6.4799995,0.0,0.0,80.0,3.0,4.1046314,5.3999996,6.2145634,74.74483,90.0,100.00792,0.0,0.0,2025-07-23,23,30,0,2,7,2025,0
2025-07-24 00:30:00+00:00,27.674002,90.0,25.883356,34.631416,996.1,990.35065,100.0,74.0,56.0,100.0,2.5455842,98.13002,9.72,0.0,0.0,80.0,3.0,4.6938252,5.8603754,6.379216,94.39862,100.619606,106.38962,0.0,0.0,2025-07-24,0,30,0,3,7,2025,0
2025-07-24 01:30:00+00:00,28.174002,87.0,25.803516,34.81272,996.2,990.4597,100.0,69.0,49.0,100.0,4.3498964,114.44395,13.32,0.0,0.0,79.0,3.0,6.151683,6.6185193,7.0911775,110.55613,112.38018,113.962494,0.0,0.0,2025-07-24,1,30,0,3,7,2025,0
2025-07-24 02:30:00+00:00,28.874,83.0,25.695433,35.270775,996.3,990.5724,100.0,63.0,41.0,100.0,5.495161,121.60746,16.56,0.0,0.0,79.0,3.0,7.289445,7.289445,7.5942082,122.90524,122.90524,121.42952,0.0,0.0,2025-07-24,2,30,0,3,7,2025,0
2025-07-24 03:30:00+00:00,30.024,78.0,25.766485,36.448143,996.1,990.395,100.0,63.0,43.0,100.0,5.6233797,129.80553,16.199999,0.0,0.0,79.0,3.0,7.42159,7.42159,7.42159,129.09386,129.09386,129.09386,0.0,0.0,2025-07-24,3,30,0,3,7,2025,0
2025-07-24 04:30:00+00:00,31.374,71.0,25.482466,37.642883,995.8,990.1218,100.0,63.0,44.0,100.0,5.3517847,137.72638,16.199999,0.0,0.0,79.0,3.0,6.8777895,7.386582,7.386582,137.12111,136.97493,136.97493,0.0,0.0,2025-07-24,4,30,0,3,7,2025,0
2025-07-24 05:30:00+00:00,32.374,67.0,25.46043,39.059864,995.5,989.8422,100.0,63.0,46.0,100.0,5.1919937,146.3099,15.84,0.0,0.0,78.0,3.0,6.696387,7.2,7.2,143.74608,143.13002,143.13002,0.0,0.0,2025-07-24,5,30,0,3,7,2025,0
2025-07-24 06:30:00+00:00,32.124,70.0,25.960733,39.409576,995.2,989.53925,100.0,60.0,57.0,100.0,3.7585104,196.69933,15.4800005,0.1,0.0,78.0,3.0,4.896529,4.896529,4.5536795,197.10281,197.10281,198.43504,0.0,0.1,2025-07-24,6,30,0,3,7,2025,0
2025-07-24 07:30:00+00:00,32.424,70.0,26.247442,39.76381,994.3,988.64996,100.0,64.0,42.0,100.0,4.1046314,217.87505,15.84,0.1,0.0,78.0,3.0,4.8965297,4.8965297,4.8965297,216.02747,216.02747,216.02747,0.0,0.1,2025-07-24,7,30,0,3,7,2025,0
2025-07-24 08:30:00+00:00,32.474,71.0,26.535652,39.606625,993.5,987.85547,100.0,67.0,27.0,100.0,4.39436,235.0079,16.199999,0.1,0.0,77.0,3.0,5.3999996,5.3999996,5.3999996,233.13002,233.13002,233.13002,0.0,0.1,2025-07-24,8,30,0,3,7,2025,0
2025-07-24 09:30:00+00:00,32.224,72.0,26.533373,39.338608,993.0,987.35364,100.0,61.0,28.0,98.0,4.510787,241.38963,16.199999,0.2,0.0,77.0,3.0,5.634891,5.634891,5.634891,243.43501,243.43501,243.43501,0.0,0.2,2025-07-24,9,30,0,3,7,2025,0
2025-07-24 10:30:00+00:00,31.724,74.0,26.517773,38.804024,992.7,987.0461,99.0,56.0,30.0,97.0,4.6800003,247.3801,16.56,0.2,0.0,76.0,3.0,5.815978,5.4833565,5.815978,248.19853,246.80138,248.19853,0.0,0.2,2025-07-24,10,30,0,3,7,2025,0
2025-07-24 11:30:00+00:00,31.124,76.0,26.39146,38.116184,992.8,987.1344,99.0,50.0,31.0,95.0,4.6800003,247.3801,16.56,0.2,0.0,75.0,3.0,6.6185193,6.6185193,6.830519,247.61981,247.61981,251.56496,0.0,0.2,2025-07-24,11,30,0,3,7,2025,0
2025-07-24 12:30:00+00:00,30.474,80.0,26.631687,37.590847,993.5,987.81824,89.0,44.0,29.0,75.0,5.00128,239.74365,15.119999,0.0,0.0,74.0,2.0,8.891343,9.511088,9.504273,238.24055,240.5242,245.37645,0.0,0.0,2025-07-24,12,30,0,3,7,2025,0
2025-07-24 13:30:00+00:00,29.774,84.0,26.777866,36.980087,994.5,988.7995,78.0,38.0,27.0,54.0,5.1165614,230.71062,13.679999,0.0,0.0,72.0,2.0,11.525623,13.684735,13.397612,231.34016,234.63745,239.30035,0.0,0.0,2025-07-24,13,30,0,3,7,2025,0
2025-07-24 14:30:00+00:00,29.174002,88.0,26.980465,36.49328,995.3,989.58374,68.0,32.0,25.0,34.0,5.3517847,227.72638,12.24,0.0,0.0,70.0,2.0,13.276144,16.279802,15.807239,229.39879,234.90411,239.9315,0.0,0.0,2025-07-24,14,30,0,3,7,2025,0
2025-07-24 15:30:00+00:00,28.724,90.0,26.919481,36.066418,995.7,989.9728,71.0,29.0,22.0,40.0,4.8965297,233.97253,12.24,0.0,0.0,68.0,2.0,12.783802,16.263872,15.844089,237.65257,242.30061,248.68202,0.0,0.0,2025-07-24,15,30,0,3,7,2025,0
2025-07-24 16:30:00+00:00,28.374,91.0,26.761757,35.653496,995.8,990.0656,73.0,25.0,19.0,47.0,4.5536795,251.56496,11.879999,0.0,0.0,66.0,2.0,11.384199,15.281989,15.629972,251.56496,254.98158,262.0566,0.0,0.0,2025-07-24,16,30,0,3,7,2025,0
2025-07-24 17:30:00+00:00,28.074001,92.0,26.650753,35.254227,995.8,990.0601,76.0,22.0,16.0,53.0,4.6938252,265.60138,11.879999,0.0,0.0,63.0,2.0,11.212135,15.137133,16.263872,264.47256,267.27374,275.0795,0.0,0.0,2025-07-24,17,30,0,3,7,2025,0
2025-07-24 18:30:00+00:00,27.874,93.0,26.636263,34.993797,995.4,989.6587,84.0,33.0,24.0,69.0,5.04,270.0,11.879999,0.0,0.0,61.0,3.0,11.525623,15.546833,17.377226,271.78986,275.31445,283.17255,0.0,0.0,2025-07-24,18,30,0,3,7,2025,0
2025-07-24 19:30:00+00:00,27.724,94.0,26.669132,34.865673,994.9,989.1585,92.0,44.0,32.0,84.0,5.0528407,274.08554,12.24,0.0,0.0,59.0,3.0,12.324414,16.167967,18.792551,276.70975,281.5601,290.17075,0.0,0.0,2025-07-24,19,30,0,3,7,2025,0
2025-07-24 20:30:00+00:00,27.624,95.0,26.749603,34.823452,994.5,988.759,100.0,55.0,40.0,100.0,5.0528407,274.08554,12.24,0.0,0.0,57.0,3.0,12.371645,15.978486,19.191748,278.36578,284.34937,293.1986,0.0,0.0,2025-07-24,20,30,0,3,7,2025,0
2025-07-24 21:30:00+00:00,27.474,96.0,26.77842,34.7488,994.5,988.7561,100.0,61.0,28.0,100.0,4.68,270.0,11.5199995,0.1,0.0,56.0,3.0,11.609651,14.84318,17.727943,277.1249,284.03625,293.9625,0.0,0.1,2025-07-24,21,30,0,3,7,2025,0
2025-07-24 22:30:00+00:00,27.324001,96.0,26.629192,34.49029,994.8,989.0516,100.0,67.0,15.0,100.0,4.6938252,265.60138,11.159999,0.1,0.0,55.0,3.0,10.086427,13.202726,15.509274,272.04535,281.00348,291.80148,0.0,0.1,2025-07-24,22,30,0,3,7,2025,0
2025-07-24 23:30:00+00:00,27.424002,95.0,26.550894,34.580235,995.1,989.3517,100.0,73.0,3.0,100.0,4.379589,260.53775,10.440001,0.1,0.0,55.0,3.0,8.647496,11.252519,13.1041975,267.6141,277.3523,290.92456,0.0,0.1,2025-07-24,23,30,0,3,7,2025,0
2025-07-25 00:30:00+00:00,27.774,93.0,26.537174,34.926334,995.5,989.75586,100.0,69.0,16.0,100.0,4.3349743,265.23645,12.959999,0.1,0.0,56.0,80.0,7.5599995,9.422101,11.165805,270.0,276.58185,290.77234,0.0,0.1,2025-07-25,0,30,0,4,7,2025,0
2025-07-25 01:30:00+00:00,28.374,90.0,26.574112,35.55139,996.0,990.26447,100.0,64.0,29.0,100.0,4.3349743,274.76355,15.4800005,0.1,0.0,57.0,80.0,6.519877,7.2805495,9.565437,276.3401,278.53067,289.79895,0.0,0.1,2025-07-25,1,30,0,4,7,2025,0
2025-07-25 02:30:00+00:00,29.124,87.0,26.73695,36.409573,996.2,990.47766,100.0,60.0,42.0,100.0,4.379589,279.46225,18.0,0.1,0.0,58.0,80.0,5.506941,5.8603754,8.089993,281.3099,280.6196,290.85452,0.0,0.1,2025-07-25,2,30,0,4,7,2025,0
2025-07-25 03:30:00+00:00,30.174002,82.0,26.759012,37.51328,996.1,990.3978,100.0,59.0,31.0,100.0,4.1046314,285.25516,17.64,0.1,0.0,61.0,3.0,4.896529,5.1544156,6.9527545,287.1028,282.09473,291.25058,0.0,0.1,2025-07-25,3,30,0,4,7,2025,0
2025-07-25 04:30:00+00:00,31.374,77.0,26.855011,38.830112,995.8,990.1218,100.0,59.0,19.0,100.0,3.7585104,286.6993,17.28,0.1,0.0,63.0,3.0,4.5536795,4.452954,5.815978,288.43503,284.03625,291.80148,0.0,0.1,2025-07-25,4,30,0,4,7,2025,0
2025-07-25 05:30:00+00:00,32.323997,72.0,26.629274,40.20215,995.4,989.7419,100.0,58.0,8.0,100.0,3.4152596,288.43503,16.919998,0.1,0.0,66.0,3.0,4.1046314,4.1046314,4.5536795,285.25516,285.25516,288.43503,0.0,0.1,2025-07-25,5,30,0,4,7,2025,0
2025-07-25 06:30:00+00:00,32.974,69.0,26.528717,41.130024,994.7,989.0579,100.0,59.0,19.0,100.0,2.9024127,277.1249,16.199999,0.0,0.0,68.0,3.0,3.6179552,3.6179552,3.9763298,275.7105,275.7105,275.19434,0.0,0.0,2025-07-25,6,30,0,4,7,2025,0
2025-07-25 07:30:00+00:00,33.374,67.0,26.410765,41.350666,993.7,988.07074,100.0,60.0,31.0,100.0,2.5455842,261.87,15.119999,0.0,0.0,71.0,3.0,3.319036,3.319036,3.6179552,257.4712,257.4712,264.2895,0.0,0.0,2025-07-25,7,30,0,4,7,2025,0
2025-07-25 08:30:00+00:00,33.424,67.0,26.458284,40.90146,993.1,987.47504,100.0,61.0,42.0,100.0,2.0991426,239.0363,14.4,0.0,0.0,73.0,3.0,2.5959969,2.5959969,2.5959969,236.3099,236.3099,236.3099,0.0,0.0,2025-07-25,8,30,0,4,7,2025,0
2025-07-25 09:30:00+00:00,33.024,69.0,26.576405,40.615093,992.9,987.26904,100.0,57.0,47.0,100.0,1.4399999,180.0,15.119999,0.9,0.0,75.0,95.0,2.2768397,2.2768397,2.2768397,161.56496,161.56496,161.56496,0.0,0.9,2025-07-25,9,30,0,4,7,2025,0
2025-07-25 10:30:00+00:00,32.224,73.0,26.767576,39.711784,993.0,987.35364,100.0,54.0,52.0,100.0,3.096837,125.537766,15.84,0.9,0.0,77.0,95.0,5.00128,5.1919937,5.1919937,120.256355,123.690094,123.690094,0.0,0.9,2025-07-25,10,30,0,4,7,2025,0
2025-07-25 11:30:00+00:00,31.424002,77.0,26.90338,38.74893,993.3,987.637,100.0,50.0,57.0,100.0,4.896529,107.10281,16.56,0.9,0.0,78.0,95.0,8.311245,8.766573,8.766573,107.650215,109.17911,109.17911,0.0,0.9,2025-07-25,11,30,0,4,7,2025,0
2025-07-25 12:30:00+00:00,30.624,82.0,27.19782,38.03262,994.0,988.3182,100.0,50.0,71.0,100.0,5.8048253,97.12492,17.28,1.4,0.0,78.0,95.0,10.853866,12.324414,13.084402,95.7105,96.70974,97.907074,0.0,1.4,2025-07-25,12,30,0,4,7,2025,0
2025-07-25 13:30:00+00:00,29.774,87.0,27.375582,37.263393,994.9,989.1972,100.0,50.0,86.0,100.0,6.162207,83.29026,18.0,1.4,0.0,79.0,95.0,13.363711,15.856356,18.0036,85.364624,87.3975,91.14574,0.0,1.4,2025-07-25,13,30,0,4,7,2025,0
2025-07-25 14:30:00+00:00,29.074001,91.0,27.453457,36.553288,995.6,989.8801,100.0,50.0,100.0,100.0,6.638072,77.4712,18.72,1.4,0.0,79.0,95.0,15.328561,18.844202,21.9718,80.53775,83.41815,88.12216,0.0,1.4,2025-07-25,14,30,0,4,7,2025,0
2025-07-25 15:30:00+00:00,28.524,93.0,27.28033,35.8129,996.0,990.2673,100.0,59.0,94.0,100.0,7.072878,75.25639,19.08,4.3,0.0,78.0,95.0,15.745627,19.959719,23.42491,79.46087,82.7469,87.35751,0.0,4.3,2025-07-25,15,30,0,4,7,2025,0
2025-07-25 16:30:00+00:00,28.124,93.0,26.883982,35.136684,996.2,990.45874,100.0,68.0,89.0,100.0,6.9899354,78.11137,19.8,4.3,0.0,78.0,95.0,15.03835,19.959719,23.78453,78.95911,82.7469,87.3975,0.0,4.3,2025-07-25,16,30,0,4,7,2025,0
2025-07-25 17:30:00+00:00,27.774,93.0,26.537174,34.53915,996.2,990.45184,100.0,77.0,83.0,100.0,6.9899354,78.11137,20.16,4.3,0.0,77.0,95.0,14.618837,19.959719,24.144165,80.07382,82.7469,87.43629,0.0,4.3,2025-07-25,17,30,0,4,7,2025,0
