date,temperature_2m,apparent_temperature,relative_humidity_2m,dew_point_2m,precipitation,rain,showers,snowfall,precipitation_probability,cloud_cover,cloud_cover_low,cloud_cover_mid,cloud_cover_high,wind_speed_10m,wind_speed_80m,wind_speed_120m,wind_speed_180m,wind_direction_10m,wind_direction_80m,wind_direction_120m,wind_direction_180m,wind_gusts_10m,pressure_msl,surface_pressure,weather_code,hour,day,is_weekend
2025-08-04 18:30:00+00:00,26.574001,33.36095,97.0,26.058104,0.0,0.0,0.0,0.0,48.0,99.0,62.0,87.0,91.0,4.5536795,9.83268,12.413477,13.104198,198.43504,203.7495,209.53868,217.18478,10.08,1005.3,999.47644,3.0,18,2025-08-04,False
2025-08-04 19:30:00+00:00,26.524,33.17627,97.0,26.008293,0.0,0.0,0.0,0.0,38.0,100.0,71.0,88.0,100.0,5.2416787,11.631956,14.48972,16.075521,195.94547,201.80147,206.56499,214.04597,11.879999,1004.8,998.9784,3.0,19,2025-08-04,False
2025-08-04 20:30:00+00:00,26.524,32.951374,96.0,25.833288,0.0,0.0,0.0,0.0,30.0,100.0,72.0,91.0,100.0,5.95906,12.879752,13.363711,15.277749,205.01686,206.56499,207.25525,214.43904,13.32,1004.2,998.3819,3.0,20,2025-08-04,False
2025-08-04 21:30:00+00:00,26.474,33.08127,97.0,25.958485,0.0,0.0,0.0,0.0,30.0,99.0,68.0,97.0,82.0,5.315336,10.990322,13.979872,14.904173,208.30066,211.60745,214.50858,217.14677,13.32,1004.1,998.28125,3.0,21,2025-08-04,False
2025-08-04 22:30:00+00:00,26.374,32.95882,97.0,25.858868,0.0,0.0,0.0,0.0,18.0,100.0,70.0,100.0,79.0,5.00128,10.495713,13.392774,15.30741,210.25635,210.96368,216.25392,221.18582,11.879999,1004.0,998.18,3.0,22,2025-08-04,False
2025-08-04 23:30:00+00:00,26.324001,33.106125,97.0,25.80906,0.0,0.0,0.0,0.0,18.0,95.0,74.0,85.0,28.0,3.4152596,7.0911775,7.24486,10.086427,198.43504,203.9625,206.56499,214.82455,11.5199995,1004.3,998.4773,3.0,23,2025-08-04,False
2025-08-05 00:30:00+00:00,26.524,33.344997,96.0,25.833288,0.0,0.0,0.0,0.0,5.0,98.0,72.0,91.0,0.0,3.2599385,6.28713,6.379216,9.339208,186.3401,193.24052,196.38962,207.55272,7.92,1005.1,999.2767,45.0,0,2025-08-05,False
2025-08-05 01:30:00+00:00,26.924002,33.545498,93.0,25.69491,0.0,0.0,0.0,0.0,5.0,98.0,52.0,95.0,0.0,3.9763298,5.4119864,6.519877,7.172949,174.80566,176.186,186.3401,197.52567,9.72,1005.5,999.68195,3.0,1,2025-08-05,False
2025-08-05 02:30:00+00:00,27.774,34.410904,89.0,25.793388,0.0,0.0,0.0,0.0,3.0,95.0,53.0,85.0,0.0,4.32,5.3999996,5.771239,6.638072,180.0,180.0,183.57626,192.5288,10.799999,1006.1,1000.2947,3.0,2,2025-08-05,False
2025-08-05 03:30:00+00:00,28.974,35.606266,83.0,25.793108,0.0,0.0,0.0,0.0,25.0,84.0,40.0,68.0,0.0,4.3349743,5.4477882,5.8048253,5.8048253,184.76355,187.59456,187.12492,187.12492,11.879999,1005.7,999.9202,3.0,3,2025-08-05,False
2025-08-05 04:30:00+00:00,30.274,36.909443,76.0,25.570507,0.0,0.0,0.0,0.0,35.0,81.0,47.0,60.0,0.0,3.2599385,3.9763298,3.9763298,3.9763298,186.3401,185.19434,185.19434,185.19434,11.879999,1005.6,999.84534,3.0,4,2025-08-05,False
2025-08-05 05:30:00+00:00,30.824001,37.959553,74.0,25.651508,0.0,0.0,0.0,0.0,40.0,92.0,55.0,79.0,0.0,2.3051248,2.8116899,3.096837,3.096837,218.65984,219.80553,215.53777,215.53777,10.440001,1005.8,1000.0545,3.0,5,2025-08-05,False
2025-08-05 06:30:00+00:00,31.524,38.5774,70.0,25.387285,0.0,0.0,0.0,0.0,38.0,93.0,63.0,78.0,0.0,1.8,2.0364676,2.0364676,2.3051248,233.13002,224.9999,224.9999,218.65984,12.599999,1005.3,999.5705,3.0,6,2025-08-05,False
2025-08-05 07:30:00+00:00,31.724,38.37788,69.0,25.336283,0.0,0.0,0.0,0.0,40.0,90.0,60.0,73.0,0.0,2.0364676,2.0364676,2.3051248,2.3051248,224.9999,224.9999,218.65984,218.65984,13.32,1004.8,999.07715,3.0,7,2025-08-05,False
2025-08-05 08:30:00+00:00,31.774,38.377323,68.0,25.138653,0.0,0.0,0.0,0.0,43.0,90.0,59.0,73.0,5.0,1.484318,1.835647,1.9386592,1.609969,255.96373,258.6901,248.19853,243.43501,13.32,1003.9,998.1832,3.0,8,2025-08-05,False
2025-08-05 09:30:00+00:00,31.574001,37.98164,69.0,25.193178,0.1,0.0,0.1,0.0,40.0,94.0,57.0,81.0,19.0,3.0758414,3.5455887,3.5455887,3.219938,290.55612,293.9625,293.9625,296.56497,15.84,1002.9,997.1852,3.0,9,2025-08-05,False
2025-08-05 10:30:00+00:00,31.024,37.302696,72.0,25.38237,0.1,0.0,0.1,0.0,33.0,96.0,56.0,86.0,14.0,4.829907,5.95906,5.95906,5.95906,296.56497,295.01685,295.01685,295.01685,16.56,1002.8,997.07544,3.0,10,2025-08-05,False
2025-08-05 11:30:00+00:00,30.524,36.854115,74.0,25.36272,0.0,0.0,0.0,0.0,38.0,100.0,43.0,100.0,0.0,4.39436,6.193674,6.489992,6.489992,304.9921,305.53775,303.6901,303.6901,12.599999,1002.8,997.066,3.0,11,2025-08-05,False
2025-08-05 12:30:00+00:00,29.874,36.742676,79.0,25.835949,0.0,0.0,0.0,0.0,33.0,97.0,12.0,93.0,0.0,2.9024127,5.991594,6.489992,6.4096174,330.25522,327.26477,326.3099,321.8427,10.08,1003.1,997.35205,3.0,12,2025-08-05,False
2025-08-05 13:30:00+00:00,29.374,36.554825,83.0,26.1838,0.0,0.0,0.0,0.0,33.0,84.0,3.0,81.0,0.0,2.4149535,5.634891,6.12,5.1919937,333.43503,333.43503,331.9276,326.3099,6.4799995,1004.2,998.43646,3.0,13,2025-08-05,False
2025-08-05 14:30:00+00:00,29.024,36.432987,86.0,26.442558,0.0,0.0,0.0,0.0,23.0,81.0,0.0,81.0,14.0,2.0991426,4.6800003,4.829907,3.6,329.03632,337.3801,333.43503,323.13,4.68,1004.7,998.92694,3.0,14,2025-08-05,False
2025-08-05 15:30:00+00:00,28.774,36.30623,87.0,26.393059,0.0,0.0,0.0,0.0,18.0,87.0,8.0,80.0,27.0,1.0182338,2.7416782,2.4149535,1.2979984,315.0001,336.8014,333.43503,303.6901,3.96,1005.1,999.3199,3.0,15,2025-08-05,False
2025-08-05 16:30:00+00:00,28.524,36.068913,89.0,26.532444,0.0,0.0,0.0,0.0,25.0,92.0,22.0,77.0,50.0,1.609969,2.0991426,2.1897945,2.4149535,296.56497,300.96368,279.46225,243.43501,2.8799999,1004.9,999.1161,3.0,16,2025-08-05,False
2025-08-05 17:30:00+00:00,28.124,35.468655,91.0,26.514717,0.5,0.0,0.5,0.0,28.0,100.0,42.0,77.0,100.0,2.9024127,5.4477882,5.506941,5.4833565,262.8751,262.40546,258.6901,246.80138,9.36,1004.6,998.8103,80.0,17,2025-08-05,False
2025-08-05 18:30:00+00:00,27.824001,35.17404,93.0,26.58672,0.9,0.0,0.9,0.0,35.0,100.0,51.0,80.0,100.0,3.219938,7.172949,8.089993,7.8954163,243.43501,252.47433,249.14546,245.77226,10.799999,1004.3,998.5064,80.0,18,2025-08-05,False
2025-08-05 19:30:00+00:00,27.624,34.986572,94.0,26.569908,0.0,0.0,0.0,0.0,43.0,100.0,73.0,90.0,100.0,3.0547013,6.696387,8.707237,8.0899935,224.9999,233.74606,240.2552,237.72438,6.8399997,1003.9,998.1047,3.0,19,2025-08-05,False
2025-08-05 20:30:00+00:00,27.324001,34.26489,94.0,26.272242,0.3,0.0,0.3,0.0,40.0,100.0,60.0,70.0,100.0,4.510787,6.9247384,9.028754,7.754637,241.38963,242.10283,246.50142,248.19853,12.959999,1003.7,997.90015,80.0,20,2025-08-05,False
2025-08-05 21:30:00+00:00,27.024,33.94696,94.0,25.974567,1.2,0.0,1.2,0.0,35.0,100.0,80.0,72.0,100.0,3.219938,5.634891,7.5170207,6.638072,243.43501,243.43501,253.30067,257.4712,16.919998,1003.7,997.8942,95.0,21,2025-08-05,False
2025-08-05 22:30:00+00:00,26.774,33.61491,94.0,25.726505,1.1,0.0,1.1,0.0,35.0,100.0,75.0,67.0,100.0,2.6208394,4.3349743,6.519877,6.5693827,285.94547,274.76355,276.3401,279.46225,14.4,1003.5,997.6907,95.0,22,2025-08-05,False
2025-08-05 23:30:00+00:00,26.774,33.70013,94.0,25.726505,0.1,0.0,0.1,0.0,43.0,100.0,71.0,57.0,100.0,2.0364676,3.8268526,5.8048253,6.9527545,315.0001,311.18582,299.74478,291.25058,9.72,1003.6,997.79004,3.0,23,2025-08-05,False
2025-08-06 00:30:00+00:00,27.074001,34.10375,92.0,25.661203,0.0,0.0,0.0,0.0,45.0,100.0,58.0,59.0,100.0,1.0182338,1.8,3.7064266,5.506941,315.0001,323.13,299.0545,281.3099,5.04,1004.0,998.1935,3.0,0,2025-08-06,False
2025-08-06 01:30:00+00:00,27.824001,34.828693,88.0,25.652082,0.0,0.0,0.0,0.0,55.0,100.0,65.0,56.0,100.0,1.1384199,1.2979984,1.8,3.7585104,341.56494,326.3099,323.13,286.6993,4.32,1004.7,998.9041,3.0,1,2025-08-06,False
2025-08-06 02:30:00+00:00,28.724,35.508442,84.0,25.750763,0.3,0.0,0.3,0.0,58.0,100.0,63.0,54.0,100.0,3.096837,3.8939953,3.8939953,4.198285,305.53775,303.6901,303.6901,300.96368,10.799999,1005.0,999.2193,80.0,2,2025-08-06,False
2025-08-06 03:30:00+00:00,29.424002,36.14077,81.0,25.820398,0.1,0.0,0.1,0.0,65.0,100.0,69.0,58.0,97.0,3.8773184,4.6800003,5.0142193,5.0142193,291.80148,292.6199,291.03757,291.03757,14.04,1005.3,999.53107,3.0,3,2025-08-06,False
2025-08-06 04:30:00+00:00,30.174002,36.812977,78.0,25.911846,0.1,0.0,0.1,0.0,78.0,100.0,72.0,54.0,100.0,4.829907,5.95906,6.439876,6.439876,296.56497,295.01685,296.56497,296.56497,18.0,1004.8,999.04803,3.0,4,2025-08-06,False
2025-08-06 05:30:00+00:00,31.174002,38.10993,75.0,26.215395,0.2,0.0,0.2,0.0,75.0,100.0,74.0,55.0,100.0,4.829907,5.634891,5.95906,5.95906,296.56497,296.56497,295.01685,295.01685,17.28,1004.2,998.4703,3.0,5,2025-08-06,False
2025-08-06 06:30:00+00:00,31.474,38.40365,74.0,26.277153,0.1,0.0,0.1,0.0,73.0,100.0,72.0,50.0,100.0,4.5536795,5.2416787,5.6920996,5.6920996,288.43503,285.94547,288.43503,288.43503,17.28,1003.1,997.3821,3.0,6,2025-08-06,False
2025-08-06 07:30:00+00:00,31.574001,38.179993,73.0,26.14306,0.2,0.0,0.2,0.0,58.0,100.0,77.0,39.0,100.0,6.130579,7.5685663,7.5685663,7.928178,273.3664,272.72626,272.72626,272.6025,18.72,1002.1,996.3897,3.0,7,2025-08-06,False
2025-08-06 08:30:00+00:00,30.974,37.3354,76.0,26.246592,1.4,0.0,1.4,0.0,63.0,100.0,74.0,49.0,100.0,8.311245,11.27553,11.27553,11.620809,252.3498,253.30067,253.30067,253.81071,20.519999,1001.6,995.8813,95.0,8,2025-08-06,False
2025-08-06 09:30:00+00:00,30.374,36.889145,80.0,26.53448,1.8,0.0,1.8,0.0,53.0,100.0,66.0,43.0,100.0,8.654986,12.864649,13.207634,13.5515,253.0724,252.07199,252.55272,253.0091,21.599998,1001.3,995.57184,95.0,9,2025-08-06,False
2025-08-06 10:30:00+00:00,29.874,36.18834,81.0,26.258558,1.6,0.0,1.6,0.0,58.0,100.0,67.0,38.0,100.0,8.707238,13.441071,13.849476,14.205182,262.8751,262.30405,261.02747,261.2539,21.96,1001.1,995.3635,95.0,10,2025-08-06,False
2025-08-06 11:30:00+00:00,29.274,35.917908,85.0,26.48933,1.3,0.0,1.3,0.0,50.0,100.0,71.0,38.0,100.0,7.5685663,12.605142,13.324863,14.04,267.27374,268.36346,268.45187,270.0,20.519999,1000.9,995.1535,95.0,11,2025-08-06,False
2025-08-06 12:30:00+00:00,28.674002,35.61917,88.0,26.488483,1.2,0.0,1.2,0.0,48.0,100.0,67.0,41.0,100.0,5.506941,10.182337,11.928989,13.679999,258.6901,261.87,264.80566,270.0,17.28,1001.4,995.6391,95.0,12,2025-08-06,False
2025-08-06 13:30:00+00:00,28.174002,35.219715,91.0,26.564127,1.4,0.0,1.4,0.0,35.0,100.0,44.0,47.0,100.0,5.1919937,10.966713,13.1041975,14.973576,236.3099,246.80138,254.05453,260.31128,12.24,1002.4,996.62396,95.0,13,2025-08-06,False
2025-08-06 14:30:00+00:00,27.924002,35.011204,92.0,26.502321,0.0,0.0,0.0,0.0,23.0,100.0,28.0,54.0,100.0,4.6102495,10.587918,13.049689,14.494192,218.65984,234.6887,245.55606,255.61856,11.5199995,1003.4,997.6135,3.0,14,2025-08-06,False
2025-08-06 15:30:00+00:00,27.724,34.767204,93.0,26.48763,0.0,0.0,0.0,0.0,13.0,100.0,26.0,66.0,100.0,4.8433046,11.4862,13.905509,15.745627,228.01286,237.80429,248.74942,259.46088,10.440001,1003.7,997.9077,3.0,15,2025-08-06,False
2025-08-06 16:30:00+00:00,27.574001,34.662422,94.0,26.520298,0.0,0.0,0.0,0.0,30.0,100.0,30.0,68.0,100.0,4.6938257,11.592895,14.689589,16.700275,237.52882,244.23071,252.89719,262.5687,10.440001,1003.2,997.4078,3.0,16,2025-08-06,False
2025-08-06 17:30:00+00:00,27.474,34.574783,95.0,26.600573,0.0,0.0,0.0,0.0,35.0,100.0,48.0,69.0,100.0,5.00128,11.770403,15.379206,17.771753,239.74365,246.57129,253.68607,263.01904,10.799999,1002.7,996.90875,3.0,17,2025-08-06,False
2025-08-06 18:30:00+00:00,27.224,34.032406,95.0,26.352182,1.7,0.0,1.7,0.0,40.0,100.0,54.0,57.0,100.0,5.8048253,13.049689,16.965895,18.888851,240.2552,245.55606,252.71841,262.33328,12.959999,1002.0,996.20807,95.0,18,2025-08-06,False
2025-08-06 19:30:00+00:00,27.124,33.887737,95.0,26.252827,1.4,0.0,1.4,0.0,40.0,100.0,63.0,63.0,100.0,5.634891,13.1041975,17.114204,20.211363,243.43501,249.07542,255.37909,265.91446,13.32,1001.7,995.90796,95.0,19,2025-08-06,False
2025-08-06 20:30:00+00:00,27.024,33.69385,95.0,26.15347,1.1,0.0,1.1,0.0,48.0,100.0,63.0,60.0,100.0,5.8048253,12.015589,16.23596,20.211363,262.8751,261.38443,266.186,274.08554,12.959999,1001.8,996.00525,95.0,20,2025-08-06,False
2025-08-06 21:30:00+00:00,26.874,33.388744,95.0,26.004435,1.4,0.0,1.4,0.0,50.0,100.0,65.0,82.0,100.0,6.162207,12.979984,17.654688,21.188072,263.29025,266.82022,272.33725,279.78235,15.4800005,1001.9,996.10187,95.0,21,2025-08-06,False
2025-08-06 22:30:00+00:00,26.724,33.350674,95.0,25.855402,1.2,0.0,1.2,0.0,55.0,100.0,68.0,69.0,100.0,4.6938252,9.36,13.493999,16.62249,265.60138,270.0,279.21094,287.6502,14.04,1002.0,996.1984,95.0,22,2025-08-06,False
2025-08-06 23:30:00+00:00,26.624,33.339867,95.0,25.756044,1.2,0.0,1.2,0.0,60.0,100.0,68.0,68.0,100.0,3.6179552,7.2359104,10.390226,13.237039,264.2895,275.7105,284.03625,292.3802,10.799999,1002.5,996.6936,95.0,23,2025-08-06,False
2025-08-07 00:30:00+00:00,26.724,33.507572,95.0,25.855402,1.1,0.0,1.1,0.0,65.0,100.0,59.0,71.0,100.0,3.6179552,6.489992,9.255571,11.165805,264.2895,273.17978,283.49576,290.77234,9.0,1002.9,997.0932,95.0,0,2025-08-07,False
2025-08-07 01:30:00+00:00,27.024,33.70571,93.0,25.793999,0.7,0.0,0.7,0.0,70.0,100.0,60.0,72.0,100.0,4.0249224,5.0911684,8.311245,10.495713,280.30478,278.13,287.6502,292.16638,10.440001,1003.3,997.4965,80.0,1,2025-08-07,False
2025-08-07 02:30:00+00:00,27.724,34.506554,90.0,25.932695,0.4,0.0,0.4,0.0,75.0,92.0,61.0,74.0,14.0,3.9763298,5.0911684,5.0911684,7.968939,275.19434,278.13,278.13,288.43503,11.159999,1003.5,997.70886,80.0,2,2025-08-07,False
2025-08-07 03:30:00+00:00,28.224,34.94361,87.0,25.852642,0.3,0.0,0.3,0.0,80.0,100.0,62.0,79.0,100.0,4.0249224,5.0911684,5.4477882,5.4477882,259.69522,261.87,262.40546,262.40546,11.159999,1003.6,997.818,80.0,3,2025-08-07,False
2025-08-07 04:30:00+00:00,29.174002,35.77759,83.0,25.988459,0.2,0.0,0.2,0.0,85.0,98.0,76.0,82.0,67.0,5.4477882,7.2805495,7.2805495,7.6367526,262.40546,261.46933,261.46933,261.87,14.759999,1003.7,997.93555,80.0,4,2025-08-07,False
2025-08-07 05:30:00+00:00,29.524,35.966427,81.0,25.917765,0.1,0.0,0.1,0.0,88.0,100.0,78.0,87.0,100.0,6.2145634,8.049845,8.4042845,8.4042845,259.9921,259.69522,260.13425,260.13425,16.199999,1003.0,997.24615,3.0,5,2025-08-07,False
2025-08-07 06:30:00+00:00,30.024,36.68288,80.0,26.194235,0.3,0.0,0.3,0.0,87.0,100.0,79.0,85.0,100.0,6.0347,7.968939,7.968939,7.968939,252.64589,251.56496,251.56496,251.56496,16.199999,1002.1,996.36066,80.0,6,2025-08-07,False
2025-08-07 07:30:00+00:00,30.574001,37.065166,77.0,26.081108,0.1,0.0,0.1,0.0,85.0,100.0,83.0,77.0,100.0,6.638072,8.557102,8.557102,8.557102,257.4712,255.37909,255.37909,255.37909,16.919998,1001.1,995.37665,3.0,7,2025-08-07,False
2025-08-07 08:30:00+00:00,30.374,36.847633,78.0,26.10565,0.3,0.0,0.3,0.0,83.0,100.0,85.0,78.0,100.0,6.87779,9.47012,9.826088,9.826088,263.9911,261.2539,261.57312,261.57312,18.359999,1000.7,994.9753,80.0,8,2025-08-07,False
2025-08-07 09:30:00+00:00,30.124,36.800327,80.0,26.291447,1.2,0.0,1.2,0.0,83.0,100.0,80.0,77.0,100.0,6.379216,9.0,9.346143,9.346143,253.61038,253.73972,254.3577,254.3577,17.64,1000.4,994.6723,95.0,9,2025-08-07,False
2025-08-07 10:30:00+00:00,29.874,36.628048,81.0,26.258558,0.7,0.0,0.7,0.0,85.0,100.0,77.0,54.0,100.0,5.6920996,8.427383,8.427383,8.766573,251.56496,250.0168,250.0168,250.82089,15.84,1000.3,994.5681,80.0,10,2025-08-07,False
2025-08-07 11:30:00+00:00,29.424002,36.403973,84.0,26.43551,0.8,0.0,0.8,0.0,85.0,100.0,57.0,56.0,100.0,5.00128,7.5942082,7.9036193,7.9036193,239.74365,238.57048,239.9315,239.9315,14.759999,1000.5,994.7586,95.0,11,2025-08-07,False
2025-08-07 12:30:00+00:00,28.724,35.776306,87.0,26.343931,0.4,0.0,0.4,0.0,83.0,100.0,46.0,47.0,100.0,4.072935,7.653705,8.209263,8.78872,224.9999,228.81418,232.12495,235.0079,12.959999,1001.0,995.2423,80.0,12,2025-08-07,False
2025-08-07 13:30:00+00:00,28.174002,35.457157,91.0,26.564127,0.6,0.0,0.6,0.0,80.0,100.0,45.0,24.0,100.0,3.563818,8.669949,10.009036,10.587918,224.9999,228.36655,232.3057,234.6887,9.72,1001.9,996.1269,80.0,13,2025-08-07,False
2025-08-07 14:30:00+00:00,27.924002,35.318787,93.0,26.685808,0.0,0.0,0.0,0.0,78.0,100.0,49.0,14.0,100.0,3.396233,8.587338,10.495713,11.609651,237.99466,236.97612,239.0363,240.2552,7.92,1002.7,996.91754,3.0,14,2025-08-07,False
2025-08-07 15:30:00+00:00,27.674002,35.01002,93.0,26.438087,0.6,0.0,0.6,0.0,76.0,100.0,52.0,46.0,100.0,2.5959969,7.145796,9.290511,10.990322,213.6901,229.08571,234.46223,238.39255,6.8399997,1003.2,997.40967,80.0,15,2025-08-07,False
2025-08-07 16:30:00+00:00,27.424002,34.51987,93.0,26.190363,1.7,0.0,1.7,0.0,75.0,100.0,65.0,50.0,100.0,3.0547013,6.9153743,8.891343,9.659814,224.9999,231.34016,238.24055,243.43501,6.4799995,1003.2,997.40497,95.0,16,2025-08-07,False
2025-08-07 17:30:00+00:00,27.124,34.011765,93.0,25.893091,0.6,0.0,0.6,0.0,75.0,100.0,65.0,51.0,100.0,3.0758414,6.6185193,8.654986,9.178235,249.44386,247.61981,253.0724,258.6901,8.64,1002.6,996.80273,80.0,17,2025-08-07,False
2025-08-07 18:30:00+00:00,26.974,33.89955,94.0,25.924955,0.5,0.0,0.5,0.0,79.0,100.0,66.0,60.0,100.0,2.968636,6.2145634,7.9526596,8.647496,255.96373,259.9921,264.80566,272.3859,7.2,1002.1,996.30255,80.0,18,2025-08-07,False
2025-08-07 19:30:00+00:00,26.824001,33.632275,94.0,25.77612,0.5,0.0,0.5,0.0,86.0,100.0,70.0,56.0,100.0,3.0758414,5.8603754,7.2,7.69592,249.44386,259.3804,270.0,280.78424,7.2,1001.7,995.90204,80.0,19,2025-08-07,False
2025-08-07 20:30:00+00:00,26.674002,33.43013,94.0,25.627281,0.3,0.0,0.3,0.0,90.0,100.0,72.0,61.0,100.0,2.7416782,5.5887027,6.489992,6.2145634,246.80138,255.06853,266.82022,280.0079,6.8399997,1001.7,995.89923,80.0,20,2025-08-07,False
2025-08-07 21:30:00+00:00,26.524,33.230556,95.0,25.656685,0.5,0.0,0.5,0.0,80.0,99.0,74.0,62.0,92.0,3.219938,5.2416787,5.771239,5.4477882,243.43501,254.05453,266.42374,277.59454,7.2,1001.9,996.0952,80.0,21,2025-08-07,False
2025-08-07 22:30:00+00:00,26.324001,32.95641,95.0,25.457972,0.5,0.0,0.5,0.0,82.0,90.0,74.0,65.0,15.0,2.8116899,4.198285,4.452954,3.6179552,230.19447,239.0363,255.96373,264.2895,7.92,1002.3,996.4889,80.0,22,2025-08-07,False
2025-08-07 23:30:00+00:00,26.274,32.758232,95.0,25.408289,0.6,0.0,0.6,0.0,83.0,99.0,71.0,69.0,93.0,3.6,5.8603754,6.696387,5.3999996,216.86998,222.5104,233.74606,233.13002,9.36,1002.6,996.7862,80.0,23,2025-08-07,False
2025-08-08 00:30:00+00:00,26.324001,32.825928,95.0,25.457972,0.5,0.0,0.5,0.0,84.0,94.0,83.0,67.0,2.0,3.7064266,5.991594,7.386582,6.4096174,209.0545,212.73521,223.02507,218.15727,9.36,1003.2,997.38367,80.0,0,2025-08-08,False
2025-08-08 01:30:00+00:00,26.724,33.314903,94.0,25.676895,0.4,0.0,0.4,0.0,85.0,100.0,86.0,61.0,100.0,4.1046314,5.1165614,5.8603754,6.1094027,217.87505,219.28938,222.5104,224.9999,10.799999,1003.8,997.988,80.0,1,2025-08-08,False
2025-08-08 02:30:00+00:00,27.424002,34.117798,91.0,25.82299,0.7,0.0,0.7,0.0,87.0,100.0,78.0,60.0,100.0,4.072935,5.0911684,5.3517847,7.2,224.9999,224.9999,227.72638,233.13002,11.879999,1004.3,998.4986,80.0,2,2025-08-08,False
2025-08-08 03:30:00+00:00,28.424002,34.96448,85.0,25.656607,0.3,0.0,0.3,0.0,88.0,100.0,73.0,59.0,100.0,4.3349743,5.1165614,5.3517847,5.3517847,221.63345,219.28938,222.27362,222.27362,11.5199995,1004.7,998.91534,80.0,3,2025-08-08,False
2025-08-08 04:30:00+00:00,29.174002,35.87364,82.0,25.78381,0.1,0.0,0.1,0.0,89.0,100.0,72.0,58.0,100.0,3.8268526,4.6102495,5.1165614,5.1165614,221.18582,218.65984,219.28938,219.28938,11.879999,1004.8,999.0292,3.0,4,2025-08-08,False
2025-08-08 05:30:00+00:00,30.074001,37.106224,80.0,26.242846,0.1,0.0,0.1,0.0,90.0,100.0,82.0,58.0,100.0,3.7064266,4.6938257,4.6938257,4.6938257,240.94548,237.52882,237.52882,237.52882,11.5199995,1004.3,998.549,3.0,5,2025-08-08,False
2025-08-08 06:30:00+00:00,30.124,36.838127,80.0,26.291447,0.5,0.0,0.5,0.0,91.0,100.0,88.0,65.0,100.0,6.12,7.729527,7.729527,7.729527,241.92761,242.24155,242.24155,242.24155,16.199999,1003.7,997.95337,80.0,6,2025-08-08,False
2025-08-08 07:30:00+00:00,29.574001,36.131657,82.0,26.1739,2.1,0.0,2.1,0.0,93.0,100.0,82.0,82.0,100.0,6.638072,8.714677,8.714677,8.714677,229.39879,231.7098,231.7098,231.7098,17.28,1003.1,997.3465,95.0,7,2025-08-08,False
2025-08-08 08:30:00+00:00,29.674002,36.581882,83.0,26.476816,0.3,0.0,0.3,0.0,94.0,100.0,74.0,69.0,100.0,5.692099,7.7043357,7.928177,7.928177,214.69522,217.40543,219.47243,219.47243,16.56,1002.6,996.85114,80.0,8,2025-08-08,False
2025-08-08 09:30:00+00:00,29.424002,36.056118,84.0,26.43551,1.4,0.0,1.4,0.0,95.0,100.0,86.0,61.0,100.0,7.386582,10.195057,10.44,10.44,223.02507,222.13753,223.60289,223.60289,18.0,1002.5,996.74713,95.0,9,2025-08-08,False
2025-08-08 10:30:00+00:00,28.574001,35.1991,87.0,26.19655,2.3,0.0,2.3,0.0,96.0,100.0,84.0,72.0,100.0,6.297428,9.693296,9.693296,9.693296,239.03632,238.67136,238.67136,238.67136,18.72,1002.7,996.9297,95.0,10,2025-08-08,False
2025-08-08 11:30:00+00:00,28.324001,35.040016,87.0,25.950905,0.3,0.0,0.3,0.0,95.0,100.0,75.0,55.0,100.0,4.510787,6.439876,6.9247384,6.9247384,241.38963,243.43501,242.10283,242.10283,16.919998,1002.9,997.12384,80.0,11,2025-08-08,False
2025-08-08 12:30:00+00:00,28.024,34.919163,89.0,26.039742,0.4,0.0,0.4,0.0,93.0,100.0,65.0,55.0,100.0,3.7064266,5.8048253,6.6087217,7.10031,240.94548,240.2552,240.64233,239.53453,13.679999,1003.7,997.91364,80.0,12,2025-08-08,False
2025-08-08 13:30:00+00:00,27.774,34.928482,91.0,26.168856,0.4,0.0,0.4,0.0,89.0,100.0,54.0,55.0,100.0,2.5455842,5.1165614,6.4096174,7.491114,224.9999,230.71062,231.84273,234.78232,10.08,1004.7,998.9028,80.0,13,2025-08-08,False
2025-08-08 14:30:00+00:00,27.574001,34.785007,92.0,26.15598,0.4,0.0,0.4,0.0,85.0,100.0,44.0,55.0,100.0,2.0991426,5.3517847,6.8777895,8.209263,210.96368,222.27362,227.12111,232.12495,6.8399997,1005.4,999.5951,80.0,14,2025-08-08,False
2025-08-08 15:30:00+00:00,27.374,34.502373,93.0,26.140818,0.1,0.0,0.1,0.0,80.0,100.0,48.0,56.0,100.0,2.5959969,6.618519,8.435069,9.585739,213.6901,224.9999,230.19447,235.71307,7.5599995,1005.6,999.7901,80.0,15,2025-08-08,False
2025-08-08 16:30:00+00:00,27.274,34.354095,94.0,26.222628,0.1,0.0,0.1,0.0,77.0,100.0,52.0,57.0,100.0,3.319036,8.161764,10.296251,11.119281,220.60121,228.57643,233.53067,240.94548,8.28,1005.6,999.7882,80.0,16,2025-08-08,False
2025-08-08 17:30:00+00:00,27.124,33.990936,94.0,26.073792,0.1,0.0,0.1,0.0,75.0,100.0,56.0,58.0,100.0,4.072935,9.220499,11.183201,11.91812,224.9999,231.34016,236.82147,244.98314,9.0,1005.4,999.58655,80.0,17,2025-08-08,False
2025-08-08 18:30:00+00:00,27.024,33.85845,94.0,25.974567,1.2,0.0,1.2,0.0,76.0,100.0,65.0,61.0,100.0,3.8268526,8.209263,9.885262,10.495713,221.18582,232.12495,236.88864,247.8336,9.0,1005.1,999.28613,95.0,18,2025-08-08,False
2025-08-08 19:30:00+00:00,26.874,33.80337,95.0,26.004435,1.2,0.0,1.2,0.0,78.0,100.0,73.0,63.0,100.0,3.319036,6.638072,7.5942082,8.427383,220.60121,229.39879,238.57048,250.0168,9.36,1004.7,998.8856,95.0,19,2025-08-08,False
2025-08-08 20:30:00+00:00,26.774,33.66755,95.0,25.905079,1.2,0.0,1.2,0.0,81.0,100.0,82.0,66.0,100.0,3.096837,5.3517847,6.297428,6.830519,215.53777,227.72638,239.03632,251.56496,9.36,1004.4,998.5855,95.0,20,2025-08-08,False
2025-08-08 21:30:00+00:00,26.574001,33.452774,96.0,25.883036,0.9,0.0,0.9,0.0,84.0,100.0,81.0,75.0,100.0,3.096837,5.6002855,6.792466,7.289444,215.53777,224.9999,237.99466,249.77505,10.08,1004.4,998.5817,80.0,21,2025-08-08,False
2025-08-08 22:30:00+00:00,26.424002,33.183113,96.0,25.733805,0.9,0.0,0.9,0.0,87.0,100.0,79.0,83.0,100.0,3.219938,6.3690495,7.9932966,8.373386,206.56499,222.70937,234.16226,244.5367,10.799999,1004.6,998.7774,80.0,22,2025-08-08,False
2025-08-08 23:30:00+00:00,26.374,33.07367,96.0,25.684055,0.9,0.0,0.9,0.0,88.0,100.0,78.0,92.0,100.0,3.396233,6.8777895,9.0,9.659814,212.00534,222.87889,233.13002,243.43501,11.5199995,1004.9,999.07477,80.0,23,2025-08-08,False
2025-08-09 00:30:00+00:00,26.574001,33.185177,95.0,25.706366,1.1,0.0,1.0,0.0,87.0,100.0,79.0,86.0,100.0,4.1046314,7.127636,9.0,10.636766,217.87505,224.9999,233.13002,246.0375,13.32,1005.4,999.5759,80.0,0,2025-08-09,True
2025-08-09 01:30:00+00:00,26.874,33.21277,92.0,25.46329,1.1,0.0,1.0,0.0,86.0,100.0,80.0,80.0,100.0,4.8433046,7.42159,8.4963045,11.841756,228.01286,230.90614,233.61555,250.46326,15.119999,1006.0,1000.1781,80.0,1,2025-08-09,True
2025-08-09 02:30:00+00:00,27.274,33.547897,90.0,25.488623,1.1,0.0,1.0,0.0,83.0,100.0,81.0,74.0,100.0,5.3999996,7.491114,7.7879906,12.0694,233.13002,234.78232,236.3099,252.64589,16.919998,1006.4,1000.5836,80.0,2,2025-08-09,True
2025-08-09 03:30:00+00:00,27.774,34.182148,88.0,25.602879,0.7,0.0,0.8,0.0,81.0,100.0,79.0,77.0,100.0,5.00128,6.792466,6.6087217,10.137692,239.74365,237.99466,240.64233,253.49556,17.64,1006.7,1000.89124,95.0,3,2025-08-09,True
2025-08-09 04:30:00+00:00,28.324001,34.843655,85.0,25.558632,0.7,0.0,0.8,0.0,79.0,100.0,78.0,81.0,100.0,4.0249224,5.315336,5.4833565,7.289444,243.43501,241.69934,246.80138,249.77505,18.359999,1006.8,1001.00134,95.0,4,2025-08-09,True
2025-08-09 05:30:00+00:00,28.874,35.50671,83.0,25.695433,0.7,0.0,0.8,0.0,78.0,100.0,76.0,84.0,100.0,3.8773184,5.0142193,5.3517847,5.4833565,248.19853,248.96242,250.34608,246.80138,19.08,1006.7,1000.9126,95.0,5,2025-08-09,True
2025-08-09 06:30:00+00:00,29.374,35.891838,81.0,25.771706,0.4,0.0,0.4,0.0,79.0,100.0,79.0,79.0,100.0,5.0142193,6.489992,6.830519,6.6185193,248.96242,250.55988,251.56496,247.61981,20.16,1006.0,1000.2261,95.0,6,2025-08-09,True
2025-08-09 07:30:00+00:00,29.824001,36.263374,80.0,25.999807,0.4,0.0,0.4,0.0,81.0,100.0,82.0,74.0,100.0,6.6185193,9.227524,9.565437,9.360001,247.61981,249.44388,250.20103,247.3801,21.599998,1005.1,999.33966,95.0,7,2025-08-09,True
2025-08-09 08:30:00+00:00,30.074001,36.56443,80.0,26.242846,0.4,0.0,0.4,0.0,84.0,100.0,85.0,69.0,100.0,7.42159,10.495713,10.966713,10.966713,247.1663,247.8336,246.80138,246.80138,22.68,1004.3,998.549,95.0,8,2025-08-09,True
2025-08-09 09:30:00+00:00,30.124,36.86898,81.0,26.501978,0.4,0.0,0.4,0.0,87.0,100.0,81.0,65.0,100.0,6.9247384,10.144082,10.630672,10.630672,242.10283,242.52565,241.69934,241.69934,20.519999,1003.8,998.0528,80.0,9,2025-08-09,True
2025-08-09 10:30:00+00:00,29.974,36.94301,82.0,26.563978,0.4,0.0,0.4,0.0,89.0,100.0,78.0,60.0,100.0,5.692099,9.0,9.290511,9.793059,235.30478,233.13002,234.46223,233.97253,18.72,1003.6,997.8511,80.0,10,2025-08-09,True
2025-08-09 11:30:00+00:00,29.724,36.973072,84.0,26.72896,0.4,0.0,0.4,0.0,90.0,100.0,74.0,56.0,100.0,4.5820518,7.6367526,8.14587,8.913181,224.9999,224.9999,224.9999,226.63654,16.56,1003.6,997.8464,80.0,11,2025-08-09,True
2025-08-09 12:30:00+00:00,29.224,36.767014,87.0,26.835201,1.0,0.0,1.0,0.0,89.0,100.0,63.0,60.0,100.0,3.096837,5.904439,6.9153743,8.161764,215.53777,217.56866,218.65984,221.42357,14.04,1004.2,998.4336,80.0,12,2025-08-09,True
2025-08-09 13:30:00+00:00,28.624,36.44348,90.0,26.820805,1.0,0.0,1.0,0.0,86.0,100.0,52.0,64.0,100.0,1.1384199,4.198285,5.692099,7.42159,198.43504,210.96368,214.69522,219.09384,11.159999,1005.1,999.3168,80.0,13,2025-08-09,True
2025-08-09 14:30:00+00:00,28.074001,35.8645,92.0,26.650753,1.0,0.0,1.0,0.0,83.0,100.0,41.0,68.0,100.0,0.5091169,3.0758414,5.00128,6.9153743,135.0001,200.55612,210.25635,218.65984,8.64,1005.7,999.9031,80.0,14,2025-08-09,True
2025-08-09 15:30:00+00:00,27.774,35.453518,93.0,26.537174,1.3,0.0,1.3,0.0,80.0,100.0,52.0,68.0,100.0,0.71999997,3.396233,5.3999996,6.8777895,180.0,212.00534,216.86998,222.87889,9.0,1005.9,1000.0959,95.0,15,2025-08-09,True
2025-08-09 16:30:00+00:00,27.524,34.871883,93.0,26.28945,1.3,0.0,1.3,0.0,76.0,100.0,63.0,67.0,100.0,1.8,4.6102495,6.1094027,6.8777895,216.86998,218.65984,224.9999,227.12111,9.36,1005.9,1000.09125,95.0,16,2025-08-09,True
2025-08-09 17:30:00+00:00,27.324001,34.418076,93.0,26.091274,1.3,0.0,1.3,0.0,73.0,100.0,74.0,67.0,100.0,2.5959969,5.6233797,6.8777895,7.145796,213.6901,219.80553,227.12111,229.08571,9.72,1005.7,999.8886,95.0,17,2025-08-09,True
2025-08-09 18:30:00+00:00,27.124,34.185078,94.0,26.073792,1.1,0.0,1.1,0.0,70.0,100.0,75.0,72.0,100.0,2.7416782,5.634891,6.638072,6.8777895,203.19862,206.56499,220.60121,222.87889,10.08,1005.4,999.58655,95.0,18,2025-08-09,True
2025-08-09 19:30:00+00:00,26.924002,33.825245,94.0,25.875343,1.1,0.0,1.1,0.0,67.0,100.0,75.0,76.0,100.0,2.9024127,5.8048253,6.439876,6.696387,187.12492,187.12492,206.56499,216.25392,10.799999,1004.9,999.08545,95.0,19,2025-08-09,True
2025-08-09 20:30:00+00:00,26.774,33.643764,95.0,25.905079,1.1,0.0,1.1,0.0,64.0,100.0,76.0,81.0,100.0,3.2599385,6.489992,6.725354,6.6087217,173.6599,176.82024,195.52417,209.35765,11.159999,1004.6,998.7843,95.0,20,2025-08-09,True
2025-08-09 21:30:00+00:00,26.574001,33.30836,95.0,25.706366,0.4,0.0,0.4,0.0,61.0,100.0,79.0,76.0,100.0,3.2599385,6.849467,7.072878,7.10031,173.6599,176.98727,194.7436,210.46547,10.08,1004.6,998.7805,80.0,21,2025-08-09,True
2025-08-09 22:30:00+00:00,26.374,33.093548,96.0,25.684055,0.4,0.0,0.4,0.0,59.0,100.0,81.0,72.0,100.0,3.2599385,6.8399997,7.628263,8.0899935,173.6599,180.0,199.29015,212.27562,9.0,1004.7,998.8759,80.0,22,2025-08-09,True
2025-08-09 23:30:00+00:00,26.374,32.977238,95.0,25.507648,0.4,0.0,0.4,0.0,58.0,100.0,84.0,67.0,100.0,3.2399998,6.489992,7.628263,8.587338,180.0,183.17976,199.29015,213.02386,7.92,1005.0,999.1742,80.0,23,2025-08-09,True
2025-08-10 00:30:00+00:00,26.574001,33.138138,94.0,25.528057,0.3,0.0,0.3,0.0,57.0,100.0,83.0,67.0,100.0,3.6,6.130579,7.072878,8.587338,180.0,183.3664,194.7436,213.02386,9.0,1005.5,999.6753,80.0,0,2025-08-10,True
2025-08-10 01:30:00+00:00,26.974,33.505608,92.0,25.562246,0.3,0.0,0.3,0.0,57.0,100.0,81.0,68.0,100.0,3.9763298,5.771239,6.2145634,8.217153,185.19434,183.57626,190.00792,208.8107,10.08,1006.1,1000.27936,80.0,1,2025-08-10,True
2025-08-10 02:30:00+00:00,27.524,34.04438,89.0,25.54703,0.3,0.0,0.3,0.0,58.0,100.0,80.0,68.0,100.0,3.9763298,5.0528407,5.4119864,7.4128532,185.19434,184.08554,183.814,209.0545,11.159999,1006.5,1000.68774,80.0,2,2025-08-10,True
2025-08-10 03:30:00+00:00,28.424002,35.112637,85.0,25.656607,0.3,0.0,0.3,0.0,59.0,96.0,76.0,65.0,76.0,3.319036,4.0249224,4.3349743,6.12,192.5288,190.3048,184.76355,208.07239,11.159999,1006.5,1000.70496,3.0,3,2025-08-10,True
2025-08-10 04:30:00+00:00,29.524,36.490513,81.0,25.917765,0.3,0.0,0.3,0.0,60.0,93.0,73.0,63.0,52.0,2.6208394,3.0758414,3.4152596,4.198285,195.94547,200.55612,198.43504,210.96368,11.159999,1006.3,1000.5272,3.0,4,2025-08-10,True
2025-08-10 05:30:00+00:00,30.324001,37.461067,78.0,26.057201,0.3,0.0,0.3,0.0,62.0,89.0,69.0,60.0,28.0,2.0991426,2.5959969,2.9024127,2.9024127,210.96368,213.6901,209.7448,209.7448,11.159999,1006.1,1000.3434,3.0,5,2025-08-10,True
2025-08-10 06:30:00+00:00,30.624,37.27665,77.0,26.129475,0.1,0.0,0.1,0.0,63.0,92.0,79.0,56.0,41.0,5.7599998,6.8399997,6.8399997,7.2,270.0,270.0,270.0,270.0,19.44,1005.4,999.653,3.0,6,2025-08-10,True
2025-08-10 07:30:00+00:00,30.924002,37.61734,76.0,26.198305,0.1,0.0,0.1,0.0,65.0,96.0,81.0,56.0,70.0,5.8048253,6.924738,7.2805495,7.2805495,262.8751,261.02747,261.46933,261.46933,20.519999,1004.5,998.76385,3.0,7,2025-08-10,True
2025-08-10 08:30:00+00:00,31.074001,37.743385,75.0,26.118977,0.1,0.0,0.1,0.0,66.0,100.0,83.0,57.0,100.0,5.5887027,7.072878,7.42159,7.42159,255.06853,255.2564,255.96373,255.96373,21.599998,1003.8,998.0707,3.0,8,2025-08-10,True
2025-08-10 09:30:00+00:00,30.974,37.611416,75.0,26.022554,0.6,0.0,0.6,0.0,67.0,94.0,75.0,55.0,72.0,5.3517847,7.172949,7.172949,7.172949,250.34608,252.47433,252.47433,252.47433,20.519999,1003.2,997.4722,80.0,9,2025-08-10,True
2025-08-10 10:30:00+00:00,30.674002,37.448486,77.0,26.17785,0.6,0.0,0.6,0.0,68.0,88.0,66.0,53.0,44.0,5.154415,6.9527545,6.9527545,7.0911775,245.22488,248.74942,248.74942,246.0375,19.08,1002.8,997.0688,80.0,10,2025-08-10,True
2025-08-10 11:30:00+00:00,30.274,37.128944,79.0,26.224194,0.6,0.0,0.6,0.0,68.0,82.0,58.0,51.0,16.0,4.829907,6.763786,6.763786,7.24486,243.43501,244.7989,244.7989,243.43501,18.0,1002.7,996.962,80.0,11,2025-08-10,True
2025-08-10 12:30:00+00:00,29.624,36.74063,83.0,26.427975,1.3,0.0,1.3,0.0,68.0,81.0,60.0,46.0,16.0,4.0249224,6.763786,7.0911775,7.5685663,243.43501,244.7989,246.0375,244.65387,15.84,1003.1,997.34735,95.0,12,2025-08-10,True
2025-08-10 13:30:00+00:00,28.874,36.106804,87.0,26.491316,1.3,0.0,1.3,0.0,67.0,81.0,62.0,42.0,17.0,3.5455887,6.6185193,7.5685663,8.373386,246.0375,247.61981,244.65387,244.5367,13.32,1003.8,998.02924,95.0,13,2025-08-10,True
2025-08-10 14:30:00+00:00,28.274,35.723778,91.0,26.662941,1.3,0.0,1.3,0.0,67.0,80.0,64.0,37.0,17.0,2.9024127,6.439876,8.049845,8.854829,240.2552,243.43501,243.43501,243.43501,11.159999,1004.4,998.61426,95.0,14,2025-08-10,True
2025-08-10 15:30:00+00:00,27.974,35.5282,93.0,26.73535,0.1,0.0,0.1,0.0,66.0,87.0,55.0,36.0,45.0,2.5455842,6.4096174,8.209263,9.290511,224.9999,231.84273,232.12495,234.46223,9.36,1004.7,998.9069,3.0,15,2025-08-10,True
2025-08-10 16:30:00+00:00,27.824001,35.243786,93.0,26.58672,0.1,0.0,0.1,0.0,64.0,93.0,47.0,36.0,72.0,2.7416782,6.489992,8.435069,10.182337,203.19862,213.6901,219.80553,224.9999,7.92,1005.0,999.20233,3.0,16,2025-08-10,True
2025-08-10 17:30:00+00:00,27.674002,35.084328,94.0,26.619522,0.1,0.0,0.1,0.0,63.0,100.0,38.0,35.0,100.0,2.968636,7.24486,9.085988,10.97262,194.03627,206.56499,213.6901,221.00899,6.12,1005.0,999.1993,3.0,17,2025-08-10,True
2025-08-10 18:30:00+00:00,27.424002,34.819096,95.0,26.550894,0.5,0.0,0.5,0.0,62.0,100.0,42.0,34.0,100.0,2.7416782,7.289445,9.726664,11.457958,203.19862,212.90524,218.991,226.27295,7.92,1004.7,998.8963,80.0,18,2025-08-10,True
2025-08-10 19:30:00+00:00,27.224,34.507713,95.0,26.352182,0.5,0.0,0.5,0.0,61.0,100.0,46.0,32.0,100.0,2.5455842,7.6367526,9.957108,12.096214,224.9999,224.9999,229.39879,233.47105,9.72,1004.1,998.2959,80.0,19,2025-08-10,True
2025-08-10 20:30:00+00:00,27.024,34.24098,96.0,26.330727,0.5,0.0,0.5,0.0,60.0,100.0,50.0,31.0,100.0,2.9024127,7.491114,10.1887,12.24,240.2552,234.78232,237.99466,241.92761,11.5199995,1003.8,997.99365,80.0,20,2025-08-10,True
2025-08-10 21:30:00+00:00,26.824001,34.04824,97.0,26.307148,0.1,0.0,0.1,0.0,59.0,97.0,50.0,28.0,90.0,2.7416782,6.9247384,9.504273,11.503113,246.80138,242.10283,245.37645,249.86362,10.799999,1003.8,997.98987,45.0,21,2025-08-10,True
2025-08-10 22:30:00+00:00,26.674002,33.8418,97.0,26.15772,0.1,0.0,0.1,0.0,58.0,93.0,51.0,26.0,80.0,2.4149535,6.151683,8.557102,10.308831,243.43501,249.44386,255.37909,257.90524,9.72,1004.0,998.18585,45.0,22,2025-08-10,True
2025-08-10 23:30:00+00:00,26.724,33.99586,97.0,26.207531,0.1,0.0,0.1,0.0,58.0,90.0,51.0,23.0,70.0,1.9386592,5.506941,7.5942073,9.3876505,248.19853,258.6901,264.55975,265.60138,9.0,1004.3,998.4851,45.0,23,2025-08-10,True
2025-08-11 00:30:00+00:00,27.074001,34.3572,95.0,26.203148,0.2,0.0,0.2,0.0,58.0,86.0,50.0,31.0,54.0,1.835647,4.379589,5.771239,7.92,258.6901,260.53775,266.42374,270.0,9.72,1004.7,998.8894,80.0,0,2025-08-11,False
2025-08-11 01:30:00+00:00,27.624,34.907795,92.0,26.20546,0.2,0.0,0.2,0.0,58.0,83.0,48.0,40.0,39.0,1.835647,3.319036,3.9763298,6.4799995,258.6901,257.4712,264.80566,270.0,10.799999,1005.2,999.39716,80.0,1,2025-08-11,False
2025-08-11 02:30:00+00:00,28.324001,35.593822,89.0,26.335367,0.2,0.0,0.2,0.0,59.0,79.0,47.0,48.0,23.0,2.5455842,2.968636,2.9024127,5.7599998,261.87,255.96373,262.8751,270.0,11.5199995,1005.5,999.7088,80.0,2,2025-08-11,False
2025-08-11 03:30:00+00:00,29.224,36.35018,85.0,26.44035,0.2,0.0,0.2,0.0,59.0,86.0,56.0,46.0,49.0,4.0249224,4.452954,4.379589,6.489992,259.69522,255.96373,260.53775,266.82022,14.04,1005.5,999.72614,3.0,3,2025-08-11,False
2025-08-11 04:30:00+00:00,30.224,37.095554,80.0,26.388662,0.2,0.0,0.2,0.0,60.0,93.0,64.0,45.0,74.0,5.506941,6.638072,6.924738,7.6367526,258.6901,257.4712,261.02747,261.87,16.199999,1005.3,999.5461,3.0,4,2025-08-11,False
2025-08-11 05:30:00+00:00,31.074001,38.237225,76.0,26.343172,0.2,0.0,0.2,0.0,61.0,100.0,73.0,43.0,100.0,6.924738,8.4042845,8.759178,8.759178,261.02747,260.13425,260.53775,260.53775,18.72,1004.9,999.1644,3.0,5,2025-08-11,False
2025-08-11 06:30:00+00:00,31.674002,38.81812,73.0,26.239145,0.0,0.0,0.0,0.0,62.0,100.0,73.0,41.0,100.0,7.2359104,9.0645685,9.422101,9.422101,264.2895,263.15732,263.41815,263.41815,19.44,1004.2,998.4796,3.0,6,2025-08-11,False
2025-08-11 07:30:00+00:00,32.073997,38.827877,71.0,26.152693,0.0,0.0,0.0,0.0,63.0,100.0,72.0,40.0,100.0,7.5599995,9.3669195,9.726665,9.726665,270.0,267.79745,267.87894,267.87894,20.519999,1003.3,997.5922,3.0,7,2025-08-11,False
2025-08-11 08:30:00+00:00,32.224,38.778137,71.0,26.296307,0.0,0.0,0.0,0.0,63.0,100.0,72.0,38.0,100.0,7.208994,9.3669195,9.3669195,9.726665,272.86234,272.20255,272.20255,272.12103,21.24,1002.6,996.899,3.0,8,2025-08-11,False
2025-08-11 09:30:00+00:00,31.924002,38.536674,72.0,26.24564,0.3,0.0,0.3,0.0,64.0,100.0,66.0,36.0,100.0,6.5693827,8.759178,8.707238,8.707238,279.46225,279.46225,277.1249,277.1249,20.16,1002.0,996.2969,3.0,9,2025-08-11,False
2025-08-11 10:30:00+00:00,31.374,38.244915,75.0,26.40822,0.3,0.0,0.3,0.0,65.0,100.0,60.0,35.0,100.0,5.5887027,7.5170207,7.5170207,7.5170207,284.93146,286.6993,286.6993,286.6993,18.72,1001.5,995.78937,3.0,10,2025-08-11,False
2025-08-11 11:30:00+00:00,30.774,37.857185,78.0,26.493248,0.3,0.0,0.3,0.0,65.0,100.0,54.0,33.0,100.0,4.5536795,6.151683,6.489992,6.489992,288.43503,290.55612,289.44012,289.44012,17.64,1001.4,995.6787,3.0,11,2025-08-11,False
2025-08-11 12:30:00+00:00,30.224,37.572304,81.0,26.599342,0.0,0.0,0.0,0.0,65.0,100.0,52.0,28.0,100.0,3.2599385,4.6938252,5.0911684,5.4477882,276.3401,274.39862,278.13,277.59454,13.679999,1001.8,996.06616,3.0,12,2025-08-11,False
2025-08-11 13:30:00+00:00,29.674002,37.364685,85.0,26.881193,0.0,0.0,0.0,0.0,65.0,100.0,49.0,24.0,100.0,2.3051248,4.198285,4.5536795,5.2416787,231.34016,239.0363,251.56496,254.05453,9.72,1002.5,996.7518,3.0,13,2025-08-11,False
2025-08-11 14:30:00+00:00,29.174002,36.873917,88.0,26.980465,0.0,0.0,0.0,0.0,65.0,100.0,47.0,19.0,100.0,2.7416782,5.3999996,5.3517847,5.991594,203.19862,216.86998,227.72638,237.26477,5.7599998,1003.1,997.3389,3.0,14,2025-08-11,False
2025-08-11 15:30:00+00:00,28.774,36.41757,90.0,26.968819,0.5,0.0,0.5,0.0,65.0,100.0,47.0,27.0,100.0,3.0758414,6.696387,7.127636,7.42159,200.55612,216.25392,224.9999,230.90614,6.8399997,1003.6,997.8285,80.0,15,2025-08-11,False
2025-08-11 16:30:00+00:00,28.474,36.127945,92.0,27.046558,0.5,0.0,0.5,0.0,65.0,100.0,47.0,35.0,100.0,3.396233,7.928177,9.178235,8.942214,212.00534,219.47243,228.17992,229.89915,8.28,1004.1,998.3197,80.0,16,2025-08-11,False
2025-08-11 17:30:00+00:00,28.174002,35.757748,93.0,26.933527,0.5,0.0,0.5,0.0,65.0,100.0,47.0,43.0,100.0,3.319036,8.404285,10.233123,9.793059,220.60121,223.26433,230.71062,233.97253,9.36,1004.3,998.513,80.0,17,2025-08-11,False
